entry_time,exit_time,entry_price,exit_price,position,pnl,pnl_pct,exit_reason,symbol
2025-04-16 12:59:00,2025-04-16 13:42:00,199.4,199.05,50,-17.499999999999716,-0.001755265797392148,max_hold_time,AAPL
2025-04-16 13:43:00,2025-04-16 13:50:00,198.74,197.5107,50,-61.46499999999975,-0.006185468451242804,stop_loss,AAPL
2025-04-16 13:50:00,2025-04-16 14:14:00,197.5107,196.305,50,-60.285000000000366,-0.006104479402888083,stop_loss,AAPL
2025-04-17 08:00:00,2025-04-17 08:44:00,196.81,196.7,-50,5.500000000000682,0.0005589146892943125,max_hold_time,AAPL
2025-04-17 08:44:00,2025-04-17 09:27:00,196.7,196.4,-50,14.999999999999147,0.0015251652262327554,max_hold_time,AAPL
2025-04-17 11:12:00,2025-04-17 11:55:00,195.24,195.99,51,38.25,0.0038414259373079286,max_hold_time,AAPL
2025-04-21 08:00:00,2025-04-21 08:44:00,194.53,194.1,51,-21.930000000000348,-0.002210455970801454,max_hold_time,AAPL
2025-04-21 08:44:00,2025-04-21 09:27:00,194.1,193.96,51,-7.139999999999304,-0.0007212776919113157,max_hold_time,AAPL
2025-04-21 09:27:00,2025-04-21 10:10:00,193.96,194.3,51,17.340000000000174,0.0017529387502578026,max_hold_time,AAPL
2025-04-22 12:04:00,2025-04-22 12:47:00,194.4,194.86,51,23.460000000000406,0.0023662551440329625,max_hold_time,AAPL
2025-04-22 13:28:00,2025-04-22 13:33:00,195.95,197.165,-50,-60.75000000000017,-0.006200561367695858,stop_loss,AAPL
2025-04-22 13:33:00,2025-04-22 14:04:00,197.165,198.475,-50,-65.50000000000011,-0.006644181269495105,stop_loss,AAPL
2025-04-23 08:00:00,2025-04-23 08:43:00,204.62,205.33,-48,-34.08000000000038,-0.0034698465448148173,max_hold_time,AAPL
2025-04-23 08:43:00,2025-04-23 09:26:00,205.33,205.52,-48,-9.11999999999989,-0.0009253396970729933,max_hold_time,AAPL
2025-04-23 09:26:00,2025-04-23 10:09:00,205.52,205.34,-48,8.640000000000327,0.0008758271701051324,max_hold_time,AAPL
2025-04-24 08:00:00,2025-04-24 08:43:00,202.89,201.73,-49,56.83999999999983,0.005717383804031725,max_hold_time,AAPL
2025-04-24 08:43:00,2025-04-24 09:26:00,201.73,202.17,-49,-21.55999999999989,-0.0021811331978386843,max_hold_time,AAPL
2025-04-24 09:26:00,2025-04-24 10:09:00,202.17,202.41,-49,-11.760000000000446,-0.0011871197507048975,max_hold_time,AAPL
2025-04-25 08:00:00,2025-04-25 08:45:00,208.34,207.79,-47,25.850000000000534,0.002639915522703328,max_hold_time,AAPL
2025-04-25 08:45:00,2025-04-25 09:28:00,207.79,207.61,-48,8.639999999998963,0.0008662592040039386,max_hold_time,AAPL
2025-04-25 09:28:00,2025-04-25 10:11:00,207.61,207.16,-48,21.60000000000082,0.0021675256490535956,max_hold_time,AAPL
2025-04-28 08:00:00,2025-04-28 08:43:00,208.57,208.59,-47,-0.9400000000004809,-9.589106774708842e-05,max_hold_time,AAPL
2025-04-28 08:43:00,2025-04-28 09:27:00,208.59,209.3,-47,-33.370000000000374,-0.003403806510379251,max_hold_time,AAPL
2025-04-28 09:27:00,2025-04-28 10:14:00,209.3,209.59,-47,-13.629999999999626,-0.001385570950788304,max_hold_time,AAPL
2025-04-29 08:00:00,2025-04-29 08:46:00,210.7,210.97,-47,-12.690000000000481,-0.001281442809682061,max_hold_time,AAPL
2025-04-29 08:46:00,2025-04-29 09:29:00,210.97,210.84,-47,6.109999999999786,0.0006162013556429609,max_hold_time,AAPL
2025-04-29 09:29:00,2025-04-29 10:14:00,210.84,210.8,-47,1.879999999999626,0.00018971732119138702,max_hold_time,AAPL
2025-04-30 08:00:00,2025-04-30 08:46:00,210.78,210.68,-47,4.699999999999733,0.0004744283138817455,max_hold_time,AAPL
2025-04-30 08:46:00,2025-04-30 09:32:00,210.68,210.91,-47,-10.809999999999519,-0.0010917030567685103,max_hold_time,AAPL
2025-04-30 09:32:00,2025-04-30 10:18:00,210.91,210.6,-47,14.570000000000107,0.0014698212507704817,max_hold_time,AAPL
2025-05-01 08:00:00,2025-05-01 08:44:00,209.36,209.22,-47,6.580000000000695,0.0006687046236148967,max_hold_time,AAPL
2025-05-01 08:44:00,2025-05-01 09:28:00,209.22,210.17,-47,-44.649999999999466,-0.004540674887677988,max_hold_time,AAPL
2025-05-01 09:28:00,2025-05-01 10:11:00,210.17,210.17,-47,-0.0,0.0,max_hold_time,AAPL
2025-05-02 08:00:00,2025-05-02 08:43:00,207.01,207.55,-48,-25.920000000000982,-0.0026085696343172817,max_hold_time,AAPL
2025-05-02 08:43:00,2025-05-02 09:26:00,207.55,206.91,-48,30.72000000000071,0.0030835943146230536,max_hold_time,AAPL
2025-05-02 09:26:00,2025-05-02 10:09:00,206.91,207.04,-48,-6.239999999999782,-0.0006282924943211805,max_hold_time,AAPL
2025-05-05 08:34:00,2025-05-05 09:17:00,203.42,203.57,49,7.3500000000002785,0.0007373906203913366,max_hold_time,AAPL
2025-05-05 10:30:00,2025-05-05 11:13:00,203.36,203.31,49,-2.450000000000557,-0.00024586939417786864,max_hold_time,AAPL
2025-05-05 11:13:00,2025-05-05 11:56:00,203.31,202.96,49,-17.14999999999972,-0.0017215090256258636,max_hold_time,AAPL
2025-05-06 08:00:00,2025-05-06 08:45:00,198.05,197.82,50,-11.50000000000091,-0.0011613228982581074,max_hold_time,AAPL
2025-05-06 08:45:00,2025-05-06 09:29:00,197.82,197.49,50,-16.499999999999204,-0.0016681831968455368,max_hold_time,AAPL
2025-05-06 09:29:00,2025-05-06 10:22:00,197.49,197.7,50,10.499999999998977,0.0010633449794925289,max_hold_time,AAPL
2025-05-07 08:00:00,2025-05-07 08:43:00,200.52,200.54,49,0.9799999999991087,9.974067424686719e-05,max_hold_time,AAPL
2025-05-07 08:43:00,2025-05-07 09:26:00,200.54,200.25,49,-14.20999999999961,-0.0014460955420364618,max_hold_time,AAPL
2025-05-07 09:26:00,2025-05-07 10:11:00,200.25,200.18,49,-3.4299999999996658,-0.0003495630461922256,max_hold_time,AAPL
2025-05-08 08:00:00,2025-05-08 08:43:00,198.23,198.47,50,12.000000000000455,0.0012107148262120219,max_hold_time,AAPL
2025-05-08 08:43:00,2025-05-08 09:27:00,198.47,198.89,50,20.999999999999375,0.0021161888446615987,max_hold_time,AAPL
2025-05-08 09:27:00,2025-05-08 10:11:00,198.89,198.86,50,-1.4999999999986358,-0.00015083714616105745,max_hold_time,AAPL
2025-05-09 08:00:00,2025-05-09 08:45:00,198.25,198.09,50,-7.9999999999998295,-0.0008070617906683308,max_hold_time,AAPL
2025-05-09 08:45:00,2025-05-09 09:29:00,198.09,198.05,50,-1.999999999999602,-0.00020192841637635438,max_hold_time,AAPL
2025-05-09 09:29:00,2025-05-09 10:12:00,198.05,198.45,50,19.999999999998863,0.002019691996970347,max_hold_time,AAPL
2025-05-12 08:00:00,2025-05-12 08:43:00,207.8,208.98,-48,-56.63999999999896,-0.0056785370548603385,max_hold_time,AAPL
2025-05-12 08:43:00,2025-05-12 08:56:00,208.98,210.39,-47,-66.26999999999984,-0.006747057134654018,stop_loss,AAPL
2025-05-12 08:56:00,2025-05-12 09:33:00,210.39,211.75,-47,-63.92000000000064,-0.006464185560150263,stop_loss,AAPL
2025-05-13 08:00:00,2025-05-13 08:48:00,209.41,209.35,-47,2.820000000000107,0.00028651926842081216,max_hold_time,AAPL
2025-05-13 08:48:00,2025-05-13 09:38:00,209.35,209.42,-47,-3.2899999999996794,-0.00033436828278000084,max_hold_time,AAPL
2025-05-13 09:38:00,2025-05-13 10:21:00,209.42,209.53,-47,-5.170000000000641,-0.0005252602425747954,max_hold_time,AAPL
2025-05-14 08:00:00,2025-05-14 08:46:00,212.35,211.9,-46,20.699999999999477,0.002119142924417182,max_hold_time,AAPL
2025-05-14 08:46:00,2025-05-14 09:29:00,211.9,211.92,-46,-0.9199999999991633,-9.438414346381222e-05,max_hold_time,AAPL
2025-05-14 09:29:00,2025-05-14 10:12:00,211.92,211.79,-46,5.979999999999791,0.0006134390335975626,max_hold_time,AAPL
2025-05-15 08:00:00,2025-05-15 08:44:00,210.69,210.14,-47,25.850000000000534,0.0026104703592957014,max_hold_time,AAPL
2025-05-15 08:44:00,2025-05-15 09:31:00,210.14,210.15,-47,-0.47000000000090836,-4.7587322737314775e-05,max_hold_time,AAPL
2025-05-15 09:31:00,2025-05-15 10:14:00,210.15,209.88,-47,12.690000000000481,0.0012847965738758517,max_hold_time,AAPL
2025-05-16 08:00:00,2025-05-16 08:43:00,211.83,211.96,-47,-6.109999999999786,-0.0006136996648255462,max_hold_time,AAPL
2025-05-16 08:43:00,2025-05-16 09:28:00,211.96,211.93,-47,1.4100000000000534,0.0001415361388941363,max_hold_time,AAPL
2025-05-16 09:28:00,2025-05-16 10:15:00,211.93,211.4,-47,24.910000000000053,0.0025008257443495546,max_hold_time,AAPL
2025-04-16 11:05:00,2025-04-16 11:48:00,104.73,104.97,95,22.799999999999514,0.0022916069894012687,max_hold_time,NVDA
2025-04-16 12:41:00,2025-04-16 13:24:00,104.56,104.32,95,-22.800000000000864,-0.0022953328232594595,max_hold_time,NVDA
2025-04-16 13:24:00,2025-04-16 13:31:00,104.32,105.67,95,128.2500000000008,0.012940950920245482,take_profit,NVDA
2025-04-17 08:00:00,2025-04-17 08:43:00,105.54,105.54,-94,-0.0,0.0,max_hold_time,NVDA
2025-04-17 08:43:00,2025-04-17 09:26:00,105.54,105.63,-94,-8.459999999998985,-0.0008527572484365093,max_hold_time,NVDA
2025-04-17 09:26:00,2025-04-17 10:09:00,105.63,105.63,-94,-0.0,0.0,max_hold_time,NVDA
2025-04-21 08:00:00,2025-04-21 08:14:00,99.83,99.17,100,-65.99999999999966,-0.006611239106480983,stop_loss,NVDA
2025-04-21 08:14:00,2025-04-21 08:57:00,99.17,99.26,100,9.000000000000341,0.0009075325199153313,max_hold_time,NVDA
2025-04-21 08:57:00,2025-04-21 09:40:00,99.26,99.27,100,0.9999999999990905,0.00010074551682440968,max_hold_time,NVDA
2025-04-22 08:00:00,2025-04-22 08:43:00,98.09,98.18,102,9.180000000000348,0.0009175247221939383,max_hold_time,NVDA
2025-04-22 08:43:00,2025-04-22 09:26:00,98.18,98.42,101,24.239999999999483,0.0024444897127724064,max_hold_time,NVDA
2025-04-22 09:26:00,2025-04-22 10:09:00,98.42,98.27,101,-15.150000000000574,-0.0015240804714489503,max_hold_time,NVDA
2025-04-23 08:00:00,2025-04-23 08:14:00,102.82,103.79,-97,-94.09000000000127,-0.009433962264151071,stop_loss,NVDA
2025-04-23 08:14:00,2025-04-23 08:57:00,103.79,103.88,-96,-8.639999999998963,-0.0008671355621927854,max_hold_time,NVDA
2025-04-23 08:57:00,2025-04-23 09:40:00,103.88,103.72,-96,15.359999999999673,0.0015402387370042029,max_hold_time,NVDA
2025-04-24 08:00:00,2025-04-24 08:43:00,101.38,100.67,-98,69.57999999999939,0.007003353718682125,max_hold_time,NVDA
2025-04-24 08:43:00,2025-04-24 09:26:00,100.67,101.11,99,43.559999999999775,0.00437071620145026,max_hold_time,NVDA
2025-04-24 09:46:00,2025-04-24 10:07:00,101.38,102.02,-98,-62.720000000000056,-0.00631288222529099,stop_loss,NVDA
2025-04-25 08:00:00,2025-04-25 08:43:00,107.88,107.65,-92,21.15999999999906,0.002131998516870502,max_hold_time,NVDA
2025-04-25 08:43:00,2025-04-25 09:26:00,107.65,107.35,-92,27.600000000001046,0.0027868091035765106,max_hold_time,NVDA
2025-04-25 09:26:00,2025-04-25 10:09:00,107.35,107.32,-93,2.7900000000001057,0.0002794597112249757,max_hold_time,NVDA
2025-04-28 08:00:00,2025-04-28 08:43:00,109.75,109.54,-91,19.10999999999943,0.0019134396355352506,max_hold_time,NVDA
2025-04-28 08:43:00,2025-04-28 09:26:00,109.54,109.76,-91,-20.019999999999897,-0.0020083987584443934,max_hold_time,NVDA
2025-04-28 09:26:00,2025-04-28 10:09:00,109.76,109.97,-91,-19.10999999999943,-0.001913265306122392,max_hold_time,NVDA
2025-04-29 08:00:00,2025-04-29 08:43:00,108.99,108.84,-91,13.649999999999224,0.0013762730525735524,max_hold_time,NVDA
2025-04-29 08:43:00,2025-04-29 09:26:00,108.84,108.58,-91,23.660000000000466,0.002388827636898246,max_hold_time,NVDA
2025-04-29 09:26:00,2025-04-29 10:09:00,108.58,108.58,-92,-0.0,0.0,max_hold_time,NVDA
2025-04-30 08:00:00,2025-04-30 08:15:00,107.02,107.75,-93,-67.89000000000037,-0.00682115492431325,stop_loss,NVDA
2025-04-30 08:15:00,2025-04-30 08:58:00,107.75,107.19,-92,51.52000000000021,0.005197215777262202,max_hold_time,NVDA
2025-04-30 08:58:00,2025-04-30 09:41:00,107.19,107.5,-93,-28.83000000000021,-0.002892060826569664,max_hold_time,NVDA
2025-05-01 08:00:00,2025-05-01 08:43:00,112.95,112.88,-88,6.16000000000065,0.0006197432492253864,max_hold_time,NVDA
2025-05-01 08:43:00,2025-05-01 09:13:00,112.88,113.56,-88,-59.8400000000006,-0.00602409638554223,stop_loss,NVDA
2025-05-01 09:13:00,2025-05-01 09:56:00,113.56,113.61,-88,-4.39999999999975,-0.00044029587883054913,max_hold_time,NVDA
2025-05-02 08:00:00,2025-05-02 08:43:00,112.31,112.59,-89,-24.9200000000001,-0.0024930994568604856,max_hold_time,NVDA
2025-05-02 08:43:00,2025-05-02 09:26:00,112.59,112.42,-88,14.96000000000015,0.001509903188560278,max_hold_time,NVDA
2025-05-02 09:26:00,2025-05-02 10:09:00,112.42,112.87,-88,-39.60000000000025,-0.004002846468599918,max_hold_time,NVDA
2025-05-05 08:00:00,2025-05-05 08:43:00,113.81,112.94,-87,75.6900000000004,0.0076443194798348525,max_hold_time,NVDA
2025-05-05 08:43:00,2025-05-05 09:26:00,112.94,112.96,-88,-1.7599999999996498,-0.00017708517797056862,max_hold_time,NVDA
2025-05-05 09:26:00,2025-05-05 10:09:00,112.96,113.01,-88,-4.4000000000010004,-0.00044263456090661626,max_hold_time,NVDA
2025-05-06 08:00:00,2025-05-06 08:43:00,112.86,112.67,-88,16.7199999999998,0.0016835016835016633,max_hold_time,NVDA
2025-05-06 08:43:00,2025-05-06 09:26:00,112.67,112.4,-88,23.75999999999965,0.0023963788053607527,max_hold_time,NVDA
2025-05-06 09:26:00,2025-05-06 10:09:00,112.4,112.63,-89,-20.46999999999909,-0.0020462633451956386,max_hold_time,NVDA
2025-05-07 08:00:00,2025-05-07 08:43:00,114.16,114.14,-87,1.7399999999996538,0.00017519271198314666,max_hold_time,NVDA
2025-05-07 08:43:00,2025-05-07 09:26:00,114.14,113.87,-87,23.489999999999654,0.0023655160329419662,max_hold_time,NVDA
2025-05-07 09:26:00,2025-05-07 10:09:00,113.87,113.9,-87,-2.610000000000099,-0.00026345832967419983,max_hold_time,NVDA
2025-05-08 08:00:00,2025-05-08 08:43:00,119.28,119.25,-83,2.4900000000000944,0.00025150905432596524,max_hold_time,NVDA
2025-05-08 08:43:00,2025-05-08 09:26:00,119.25,118.95,-83,24.899999999999764,0.0025157232704402276,max_hold_time,NVDA
2025-05-08 09:26:00,2025-05-08 10:09:00,118.95,119.3,-84,-29.399999999999523,-0.0029424127784783045,max_hold_time,NVDA
2025-05-09 08:00:00,2025-05-09 08:43:00,118.02,117.7,-84,26.879999999999427,0.0027114048466361056,max_hold_time,NVDA
2025-05-09 08:43:00,2025-05-09 09:26:00,117.7,117.94,-85,-20.399999999999565,-0.002039082412914145,max_hold_time,NVDA
2025-05-09 09:26:00,2025-05-09 10:09:00,117.94,118.15,-84,-17.64000000000067,-0.0017805663896897402,max_hold_time,NVDA
2025-05-12 08:00:00,2025-05-12 08:43:00,121.93,121.83,-82,8.2000000000007,0.0008201427048307104,max_hold_time,NVDA
2025-05-12 08:43:00,2025-05-12 09:06:00,121.83,122.58,-82,-61.5,-0.006156119182467373,stop_loss,NVDA
2025-05-12 09:06:00,2025-05-12 09:49:00,122.58,122.57,-81,0.8100000000004144,8.157937673360349e-05,max_hold_time,NVDA
2025-05-13 08:00:00,2025-05-13 08:43:00,122.23,121.92,-81,25.110000000000184,0.002536202241675548,max_hold_time,NVDA
2025-05-13 08:43:00,2025-05-13 09:26:00,121.92,122.03,-82,-9.019999999999953,-0.0009022309711286042,max_hold_time,NVDA
2025-05-13 09:26:00,2025-05-13 10:09:00,122.03,122.19,-81,-12.959999999999724,-0.0013111529951650954,max_hold_time,NVDA
2025-05-14 08:00:00,2025-05-14 08:43:00,132.33,132.66,-75,-24.749999999998806,-0.002493765586034792,max_hold_time,NVDA
2025-05-14 08:43:00,2025-05-14 09:26:00,132.66,132.24,-75,31.499999999999062,0.003165988240615012,max_hold_time,NVDA
2025-05-14 09:26:00,2025-05-14 10:09:00,132.24,131.93,-75,23.25000000000017,0.0023442226255293575,max_hold_time,NVDA
2025-05-15 08:00:00,2025-05-15 08:43:00,133.87,132.73,-74,84.3600000000011,0.008515724210054641,max_hold_time,NVDA
2025-05-15 08:43:00,2025-05-15 09:26:00,132.73,132.49,-75,17.99999999999855,0.0018081820236569026,max_hold_time,NVDA
2025-05-15 09:26:00,2025-05-15 10:09:00,132.49,132.6,-75,-8.249999999998892,-0.0008302513397236411,max_hold_time,NVDA
2025-05-16 08:00:00,2025-05-16 08:33:00,135.1,135.97,-74,-64.38000000000034,-0.006439674315322018,stop_loss,NVDA
2025-05-16 08:33:00,2025-05-16 09:16:00,135.97,135.75,-73,16.059999999999917,0.0016180039714642853,max_hold_time,NVDA
2025-05-16 09:16:00,2025-05-16 09:59:00,135.75,135.73,-73,1.460000000000747,0.0001473296500921564,max_hold_time,NVDA
2025-04-16 13:28:00,2025-04-16 13:45:00,380.07,377.61,26,-63.95999999999947,-0.00647249190938506,stop_loss,MSFT
2025-04-16 13:45:00,2025-04-16 14:28:00,377.61,378.57,26,24.959999999999468,0.002542305553348639,max_hold_time,MSFT
2025-04-16 15:54:00,2025-04-16 16:37:00,377.04,377.0269,26,-0.3406000000002223,-3.47443242096556e-05,max_hold_time,MSFT
2025-04-17 08:03:00,2025-04-17 08:56:00,375.2,373.0,-26,57.199999999999704,0.005863539445628968,max_hold_time,MSFT
2025-04-17 11:10:00,2025-04-17 12:00:00,372.4,373.0,26,15.600000000000591,0.0016111707841031761,max_hold_time,MSFT
2025-04-17 12:26:00,2025-04-17 13:09:00,372.39,372.1,26,-7.539999999999054,-0.0007787534573967175,max_hold_time,MSFT
2025-04-21 08:00:00,2025-04-21 08:56:00,364.05,364.2,27,4.049999999999386,0.0004120313143798304,max_hold_time,MSFT
2025-04-21 08:56:00,2025-04-21 10:06:00,364.2,364.2,27,0.0,0.0,max_hold_time,MSFT
2025-04-21 10:06:00,2025-04-21 10:54:00,364.2,365.5,27,35.10000000000031,0.0035694673256452814,max_hold_time,MSFT
2025-04-22 08:02:00,2025-04-22 08:45:00,362.6,363.66,27,28.62000000000006,0.0029233314947600723,max_hold_time,MSFT
2025-04-22 08:45:00,2025-04-22 09:31:00,363.66,362.68,27,-26.46000000000049,-0.002694824836385685,max_hold_time,MSFT
2025-04-22 09:31:00,2025-04-22 10:14:00,362.68,361.97,27,-19.169999999999447,-0.0019576486158596547,max_hold_time,MSFT
2025-04-23 08:00:00,2025-04-23 08:43:00,373.01,374.85,-26,-47.84000000000083,-0.004932843623495434,max_hold_time,MSFT
2025-04-23 08:43:00,2025-04-23 09:26:00,374.85,375.3,-26,-11.699999999999704,-0.0012004801920768003,max_hold_time,MSFT
2025-04-23 09:26:00,2025-04-23 10:12:00,375.3,376.0,-26,-18.199999999999704,-0.0018651745270450003,max_hold_time,MSFT
2025-04-24 08:00:00,2025-04-24 08:43:00,373.69,372.1,-26,41.33999999999935,0.0042548636570418664,max_hold_time,MSFT
2025-04-24 08:43:00,2025-04-24 09:28:00,372.1,373.0,-26,-23.39999999999941,-0.0024187046492877644,max_hold_time,MSFT
2025-04-24 09:28:00,2025-04-24 10:14:00,373.0,373.65,-26,-16.89999999999941,-0.001742627345844443,max_hold_time,MSFT
2025-04-25 08:00:00,2025-04-25 08:43:00,388.3,388.36,-25,-1.5000000000000568,-0.00015451970126191674,max_hold_time,MSFT
2025-04-25 08:43:00,2025-04-25 09:26:00,388.36,388.31,-25,1.2500000000002842,0.00012874652384388548,max_hold_time,MSFT
2025-04-25 09:26:00,2025-04-25 10:10:00,388.31,387.63,-25,17.00000000000017,0.0017511781823800747,max_hold_time,MSFT
2025-04-28 08:00:00,2025-04-28 08:44:00,391.86,391.8,-25,1.5000000000000568,0.0001531159087429242,max_hold_time,MSFT
2025-04-28 08:44:00,2025-04-28 09:29:00,391.8,391.62,-25,4.5000000000001705,0.0004594180704441215,max_hold_time,MSFT
2025-04-28 09:29:00,2025-04-28 10:20:00,391.62,391.25,-25,9.250000000000114,0.0009447934221949965,max_hold_time,MSFT
2025-04-29 08:00:00,2025-04-29 08:45:00,392.4,392.81,-25,-10.250000000000625,-0.0010448521916412463,max_hold_time,MSFT
2025-04-29 08:45:00,2025-04-29 09:59:00,392.81,392.78,-25,0.750000000000739,7.637280109984359e-05,max_hold_time,MSFT
2025-04-29 09:59:00,2025-04-29 10:43:00,392.78,391.89,-25,22.24999999999966,0.002265899485717161,max_hold_time,MSFT
2025-04-30 08:00:00,2025-04-30 08:44:00,394.2,394.14,-25,1.5000000000000568,0.00015220700152207577,max_hold_time,MSFT
2025-04-30 08:44:00,2025-04-30 09:27:00,394.14,394.93,-25,-19.75000000000051,-0.0020043639315979614,max_hold_time,MSFT
2025-04-30 09:27:00,2025-04-30 10:12:00,394.93,394.34,-25,14.750000000000796,0.0014939356341630969,max_hold_time,MSFT
2025-05-01 08:00:00,2025-05-01 08:36:00,424.91,427.48,-23,-59.10999999999984,-0.006048339648396114,stop_loss,MSFT
2025-05-01 08:36:00,2025-05-01 09:20:00,427.48,427.77,-23,-6.669999999999163,-0.0006783943108448667,max_hold_time,MSFT
2025-05-01 09:20:00,2025-05-01 10:03:00,427.77,429.5,-23,-39.79000000000042,-0.0040442293755990795,max_hold_time,MSFT
2025-05-02 08:00:00,2025-05-02 08:43:00,427.5,427.15,-23,8.050000000000523,0.0008187134502924509,max_hold_time,MSFT
2025-05-02 08:43:00,2025-05-02 09:27:00,427.15,425.99,-23,26.679999999999268,0.0027156736509422177,max_hold_time,MSFT
2025-05-02 09:27:00,2025-05-02 10:15:00,425.99,426.41,-23,-9.660000000000366,-0.0009859386370572453,max_hold_time,MSFT
2025-05-05 08:00:00,2025-05-05 08:50:00,431.61,431.15,-23,10.580000000000837,0.0010657769745836202,max_hold_time,MSFT
2025-05-05 08:50:00,2025-05-05 09:35:00,431.15,431.0,-23,3.449999999999477,0.00034790676098800247,max_hold_time,MSFT
2025-05-05 09:35:00,2025-05-05 10:20:00,431.0,431.53,-23,-12.189999999999372,-0.0012296983758700063,max_hold_time,MSFT
2025-05-06 08:00:00,2025-05-06 08:46:00,433.36,432.65,-23,16.330000000000837,0.0016383607162636985,max_hold_time,MSFT
2025-05-06 08:46:00,2025-05-06 09:30:00,432.65,432.2,-23,10.349999999999739,0.0010401016988327485,max_hold_time,MSFT
2025-05-06 09:30:00,2025-05-06 10:15:00,432.2,432.92,-23,-16.560000000000628,-0.0016658954187876616,max_hold_time,MSFT
2025-05-07 08:00:00,2025-05-07 08:47:00,435.98,434.32,-22,36.52000000000055,0.0038075141061517156,max_hold_time,MSFT
2025-05-07 08:47:00,2025-05-07 09:32:00,434.32,434.19,-23,2.9899999999998954,0.00029931847485723765,max_hold_time,MSFT
2025-05-07 09:32:00,2025-05-07 10:22:00,434.19,434.3,-23,-2.5300000000003138,-0.000253345309657094,max_hold_time,MSFT
2025-05-08 08:00:00,2025-05-08 08:43:00,437.65,438.15,-22,-11.0,-0.0011424654404204274,max_hold_time,MSFT
2025-05-08 08:43:00,2025-05-08 09:26:00,438.15,437.5,-22,14.2999999999995,0.0014835102133971866,max_hold_time,MSFT
2025-05-08 09:26:00,2025-05-08 10:09:00,437.5,436.71,-22,17.38000000000045,0.0018057142857143325,max_hold_time,MSFT
2025-05-09 08:00:00,2025-05-09 08:50:00,438.69,438.73,-22,-0.8800000000004502,-9.118056030458972e-05,max_hold_time,MSFT
2025-05-09 08:50:00,2025-05-09 09:38:00,438.73,438.58,-22,3.3000000000007503,0.0003418959268799355,max_hold_time,MSFT
2025-05-09 09:38:00,2025-05-09 10:21:00,438.58,439.27,-22,-15.17999999999995,-0.0015732591545442058,max_hold_time,MSFT
2025-05-12 08:00:00,2025-05-12 08:44:00,447.2,447.0,-22,4.39999999999975,0.0004472271914132125,max_hold_time,MSFT
2025-05-12 08:44:00,2025-05-12 09:35:00,447.0,447.19,-22,-4.17999999999995,-0.00042505592841162804,max_hold_time,MSFT
2025-05-12 09:35:00,2025-05-12 10:20:00,447.19,447.06,-22,2.8599999999999,0.00029070417495917944,max_hold_time,MSFT
2025-05-13 08:00:00,2025-05-13 08:45:00,446.27,446.7,-22,-9.46000000000015,-0.000963542250207289,max_hold_time,MSFT
2025-05-13 08:45:00,2025-05-13 09:28:00,446.7,446.8,-22,-2.2000000000005002,-0.00022386389075447222,max_hold_time,MSFT
2025-05-13 09:28:00,2025-05-13 10:11:00,446.8,447.23,-22,-9.46000000000015,-0.0009623992837958971,max_hold_time,MSFT
2025-05-14 08:11:00,2025-05-14 08:55:00,447.25,445.8,-22,31.89999999999975,0.0032420346562325067,max_hold_time,MSFT
2025-05-14 08:55:00,2025-05-14 09:50:00,445.8,445.98,-22,-3.96000000000015,-0.0004037685060565429,max_hold_time,MSFT
2025-05-14 09:50:00,2025-05-14 10:34:00,445.98,446.5,-22,-11.4399999999996,-0.0011659715682317184,max_hold_time,MSFT
2025-05-15 08:00:00,2025-05-15 08:43:00,449.35,449.3,-22,1.1000000000002501,0.00011127183709805579,max_hold_time,MSFT
2025-05-15 08:43:00,2025-05-15 09:28:00,449.3,449.9,-22,-13.19999999999925,-0.0013354106387713463,max_hold_time,MSFT
2025-05-15 09:28:00,2025-05-15 10:11:00,449.9,450.17,-22,-5.94000000000085,-0.0006001333629696347,max_hold_time,MSFT
2025-05-16 08:00:00,2025-05-16 08:52:00,453.02,452.58,-22,9.67999999999995,0.0009712595470398608,max_hold_time,MSFT
2025-05-16 08:52:00,2025-05-16 09:45:00,452.58,453.39,-22,-17.82000000000005,-0.001789738830703969,max_hold_time,MSFT
2025-04-16 12:01:00,2025-04-16 12:44:00,153.05,153.0,65,-3.250000000000739,-0.00032669062397916606,max_hold_time,GOOGL
2025-04-16 12:44:00,2025-04-16 13:27:00,153.0,152.78,65,-14.299999999999926,-0.0014379084967320187,max_hold_time,GOOGL
2025-04-16 13:27:00,2025-04-16 14:10:00,152.78,154.03,65,81.25,0.008181699175284723,max_hold_time,GOOGL
2025-04-17 08:00:00,2025-04-17 08:49:00,155.05,154.99,-64,3.8400000000001455,0.0003869719445340359,max_hold_time,GOOGL
2025-04-17 08:49:00,2025-04-17 09:34:00,154.99,154.94,-64,3.2000000000007276,0.0003226014581586642,max_hold_time,GOOGL
2025-04-17 09:34:00,2025-04-17 10:17:00,154.94,154.65,-64,18.55999999999949,0.0018716922679746487,max_hold_time,GOOGL
2025-04-21 08:00:00,2025-04-21 08:56:00,150.0,149.39,66,-40.2600000000009,-0.004066666666666757,max_hold_time,GOOGL
2025-04-21 08:56:00,2025-04-21 09:45:00,149.39,149.34,66,-3.2999999999988745,-0.00033469442399078217,max_hold_time,GOOGL
2025-04-21 09:45:00,2025-04-21 10:39:00,149.34,149.44,66,6.599999999999625,0.0006696129637069393,max_hold_time,GOOGL
2025-04-22 08:00:00,2025-04-22 08:44:00,149.13,149.6,67,31.489999999999924,0.0031516126869174472,max_hold_time,GOOGL
2025-04-22 08:44:00,2025-04-22 09:27:00,149.6,149.5,66,-6.599999999999625,-0.0006684491978609246,max_hold_time,GOOGL
2025-04-22 09:27:00,2025-04-22 10:14:00,149.5,149.18,66,-21.11999999999955,-0.0021404682274247036,max_hold_time,GOOGL
2025-04-23 08:00:00,2025-04-23 08:43:00,154.7,155.03,-64,-21.1200000000008,-0.0021331609566904493,max_hold_time,GOOGL
2025-04-23 08:43:00,2025-04-23 09:26:00,155.03,154.91,-64,7.680000000000291,0.0007740437334709705,max_hold_time,GOOGL
2025-04-23 09:26:00,2025-04-23 10:09:00,154.91,155.08,-64,-10.880000000001019,-0.0010974114001679421,max_hold_time,GOOGL
2025-04-24 08:00:00,2025-04-24 08:43:00,154.88,154.0,-64,56.31999999999971,0.0056818181818181525,max_hold_time,GOOGL
2025-04-24 08:43:00,2025-04-24 09:28:00,154.0,154.32,-64,-20.479999999999563,-0.0020779220779220337,max_hold_time,GOOGL
2025-04-24 09:28:00,2025-04-24 10:11:00,154.32,154.68,-64,-23.040000000000873,-0.0023328149300156408,max_hold_time,GOOGL
2025-04-25 08:00:00,2025-04-25 08:43:00,168.0,168.26,-59,-15.339999999999463,-0.0015476190476189935,max_hold_time,GOOGL
2025-04-25 08:43:00,2025-04-25 09:26:00,168.26,168.33,-59,-4.130000000001274,-0.000416022821823497,max_hold_time,GOOGL
2025-04-25 09:26:00,2025-04-25 10:10:00,168.33,168.23,-59,5.9000000000013415,0.0005940711697262682,max_hold_time,GOOGL
2025-04-28 08:00:00,2025-04-28 08:43:00,162.22,162.3,-61,-4.880000000000763,-0.0004931574405129608,max_hold_time,GOOGL
2025-04-28 08:43:00,2025-04-28 09:27:00,162.3,162.09,-61,12.810000000000485,0.0012939001848429326,max_hold_time,GOOGL
2025-04-28 09:27:00,2025-04-28 10:10:00,162.09,162.0,-61,5.490000000000208,0.0005552470849528251,max_hold_time,GOOGL
2025-04-29 08:00:00,2025-04-29 08:44:00,161.23,161.09,-62,8.679999999999154,0.0008683247534577086,max_hold_time,GOOGL
2025-04-29 08:44:00,2025-04-29 09:27:00,161.09,161.01,-62,4.960000000000775,0.0004966167980632721,max_hold_time,GOOGL
2025-04-29 09:27:00,2025-04-29 10:13:00,161.01,161.1,-62,-5.5800000000002115,-0.0005589714924539061,max_hold_time,GOOGL
2025-04-30 08:00:00,2025-04-30 08:49:00,160.08,160.05,-62,1.8600000000000705,0.0001874062968515813,max_hold_time,GOOGL
2025-04-30 08:49:00,2025-04-30 09:44:00,160.05,159.97,-62,4.960000000000775,0.0004998437988129491,max_hold_time,GOOGL
2025-04-30 09:44:00,2025-04-30 10:27:00,159.97,159.75,-62,13.63999999999993,0.001375257860848902,max_hold_time,GOOGL
2025-05-01 08:00:00,2025-05-01 08:43:00,160.31,160.3,-62,0.6199999999994361,6.237914041538834e-05,max_hold_time,GOOGL
2025-05-01 08:43:00,2025-05-01 09:26:00,160.3,160.5,-62,-12.399999999999295,-0.0012476606363068536,max_hold_time,GOOGL
2025-05-01 09:26:00,2025-05-01 10:11:00,160.5,160.82,-62,-19.839999999999577,-0.001993769470404942,max_hold_time,GOOGL
2025-05-02 08:00:00,2025-05-02 08:43:00,162.32,162.76,-61,-26.83999999999986,-0.0027106949236076748,max_hold_time,GOOGL
2025-05-02 08:43:00,2025-05-02 09:27:00,162.76,162.47,-61,17.689999999999515,0.001781764561317228,max_hold_time,GOOGL
2025-05-02 09:27:00,2025-05-02 10:15:00,162.47,162.54,-61,-4.269999999999584,-0.0004308487720809576,max_hold_time,GOOGL
2025-05-05 08:00:00,2025-05-05 08:46:00,163.27,162.63,-61,39.0400000000009,0.003919887303240122,max_hold_time,GOOGL
2025-05-05 08:46:00,2025-05-05 09:38:00,162.63,162.73,-61,-6.099999999999653,-0.0006148927012236016,max_hold_time,GOOGL
2025-05-05 09:38:00,2025-05-05 10:25:00,162.73,162.81,-61,-4.880000000000763,-0.0004916118724267959,max_hold_time,GOOGL
2025-05-06 08:00:00,2025-05-06 08:43:00,163.4,162.86,-61,32.939999999999515,0.0033047735618114567,max_hold_time,GOOGL
2025-05-06 08:43:00,2025-05-06 09:34:00,162.86,162.51,-61,21.350000000001387,0.0021490851037702487,max_hold_time,GOOGL
2025-05-06 09:34:00,2025-05-06 10:34:00,162.51,162.81,-61,-18.300000000000693,-0.0018460402436773823,max_hold_time,GOOGL
2025-05-07 08:00:00,2025-05-07 09:02:00,164.47,164.57,-60,-5.999999999999659,-0.0006080136195050423,max_hold_time,GOOGL
2025-05-07 09:02:00,2025-05-07 09:45:00,164.57,164.33,-60,14.39999999999884,0.0014583459925866238,max_hold_time,GOOGL
2025-05-07 09:45:00,2025-05-07 10:28:00,164.33,163.83,-60,30.0,0.003042658066086533,max_hold_time,GOOGL
2025-05-08 08:00:00,2025-05-08 08:43:00,153.56,154.55,65,64.35000000000059,0.00644699140401152,max_hold_time,GOOGL
2025-05-08 08:43:00,2025-05-08 09:26:00,154.55,154.77,64,14.079999999999927,0.0014234875444839783,max_hold_time,GOOGL
2025-05-08 09:26:00,2025-05-08 10:09:00,154.77,154.5,64,-17.280000000000655,-0.0017445241325839001,max_hold_time,GOOGL
2025-05-09 08:00:00,2025-05-09 08:46:00,154.98,155.02,64,2.5600000000013097,0.00025809781907356087,max_hold_time,GOOGL
2025-05-09 08:46:00,2025-05-09 09:30:00,155.02,154.89,64,-8.320000000001528,-0.0008386014707781181,max_hold_time,GOOGL
2025-05-09 09:30:00,2025-05-09 10:16:00,154.89,155.02,64,8.320000000001528,0.0008393053134484078,max_hold_time,GOOGL
2025-05-12 08:03:00,2025-05-12 08:46:00,157.24,157.35,-63,-6.929999999999069,-0.0006995675400660469,max_hold_time,GOOGL
2025-05-12 08:46:00,2025-05-12 09:13:00,157.35,158.3,-63,-59.850000000001074,-0.006037496027963248,stop_loss,GOOGL
2025-05-12 09:13:00,2025-05-12 09:56:00,158.3,158.3,-63,-0.0,0.0,max_hold_time,GOOGL
2025-05-13 08:00:00,2025-05-13 09:00:00,157.74,157.66,-63,5.040000000000788,0.0005071636870800843,max_hold_time,GOOGL
2025-05-13 09:00:00,2025-05-13 09:48:00,157.66,157.92,-63,-16.379999999999427,-0.0016491183559557967,max_hold_time,GOOGL
2025-05-13 09:48:00,2025-05-13 10:31:00,157.92,158.0,-63,-5.040000000000788,-0.0005065856129686709,max_hold_time,GOOGL
2025-05-14 08:00:00,2025-05-14 08:43:00,160.11,160.15,-62,-2.4799999999995066,-0.0002498282430828308,max_hold_time,GOOGL
2025-05-14 08:43:00,2025-05-14 09:28:00,160.15,160.1,-62,3.100000000000705,0.0003122073056510232,max_hold_time,GOOGL
2025-05-14 09:28:00,2025-05-14 10:15:00,160.1,160.05,-62,3.0999999999989427,0.0003123048094939597,max_hold_time,GOOGL
2025-05-15 08:00:00,2025-05-15 08:43:00,164.21,163.47,-60,44.400000000000546,0.004506424700079222,max_hold_time,GOOGL
2025-05-15 08:43:00,2025-05-15 09:26:00,163.47,163.3,-61,10.369999999999237,0.0010399461674924298,max_hold_time,GOOGL
2025-05-15 09:26:00,2025-05-15 10:09:00,163.3,163.66,-61,-21.9599999999991,-0.0022045315370482865,max_hold_time,GOOGL
2025-05-16 08:00:00,2025-05-16 08:47:00,164.7,165.18,-60,-28.80000000000109,-0.002914389799635812,max_hold_time,GOOGL
2025-05-16 08:47:00,2025-05-16 09:31:00,165.18,165.39,-60,-12.599999999998772,-0.0012713403559751757,max_hold_time,GOOGL
2025-05-16 09:31:00,2025-05-16 10:14:00,165.39,165.6,-60,-12.600000000000477,-0.0012697261019409152,max_hold_time,GOOGL
2025-04-16 12:01:00,2025-04-16 12:44:00,177.84,177.09,-56,42.0,0.004217273954116059,max_hold_time,AMZN
2025-04-16 13:28:00,2025-04-16 14:11:00,176.3,176.21,56,-5.040000000000191,-0.0005104934770278129,max_hold_time,AMZN
2025-04-16 14:13:00,2025-04-16 14:56:00,175.9946,177.29,56,72.54240000000004,0.007360453104811175,max_hold_time,AMZN
2025-04-17 08:00:00,2025-04-17 08:43:00,176.15,176.25,-56,-5.599999999999682,-0.0005676979846721221,max_hold_time,AMZN
2025-04-17 08:43:00,2025-04-17 09:28:00,176.25,176.35,-56,-5.599999999999682,-0.0005673758865247905,max_hold_time,AMZN
2025-04-17 09:28:00,2025-04-17 10:11:00,176.35,176.76,-56,-22.95999999999981,-0.002324922030053851,max_hold_time,AMZN
2025-04-21 08:00:00,2025-04-21 08:44:00,170.63,170.95,58,18.559999999999604,0.0018754029185957522,max_hold_time,AMZN
2025-04-21 08:44:00,2025-04-21 09:39:00,170.95,170.94,58,-0.5799999999994725,-5.8496636443351305e-05,max_hold_time,AMZN
2025-04-21 09:39:00,2025-04-21 10:11:00,170.94,169.87,58,-62.059999999999604,-0.00625950625950622,stop_loss,AMZN
2025-04-22 08:00:00,2025-04-22 08:43:00,169.19,169.58,59,23.010000000000872,0.002305100774277527,max_hold_time,AMZN
2025-04-22 08:43:00,2025-04-22 09:29:00,169.58,169.67,59,5.309999999998524,0.0005307229626133682,max_hold_time,AMZN
2025-04-22 09:29:00,2025-04-22 10:12:00,169.67,169.4,58,-15.659999999998945,-0.001591324335474638,max_hold_time,AMZN
2025-04-23 08:00:00,2025-04-23 08:43:00,179.85,180.6,-55,-41.25,-0.004170141784820684,max_hold_time,AMZN
2025-04-23 08:43:00,2025-04-23 09:27:00,180.6,180.36,-55,13.199999999998937,0.0013289036544849428,max_hold_time,AMZN
2025-04-23 09:27:00,2025-04-23 10:10:00,180.36,180.95,-55,-32.449999999998624,-0.003271235307163312,max_hold_time,AMZN
2025-04-24 08:00:00,2025-04-24 08:43:00,179.25,178.52,-55,40.14999999999944,0.004072524407252384,max_hold_time,AMZN
2025-04-24 08:43:00,2025-04-24 09:26:00,178.52,178.92,-56,-22.399999999998727,-0.0022406453058479566,max_hold_time,AMZN
2025-04-24 09:26:00,2025-04-24 10:09:00,178.92,179.74,-55,-45.10000000000119,-0.004583053878828648,max_hold_time,AMZN
2025-04-25 08:00:00,2025-04-25 08:43:00,189.84,189.46,-52,19.759999999999764,0.00200168563000419,max_hold_time,AMZN
2025-04-25 08:43:00,2025-04-25 09:26:00,189.46,189.5,-52,-2.079999999999586,-0.00021112635912589486,max_hold_time,AMZN
2025-04-25 09:26:00,2025-04-25 10:10:00,189.5,189.26,-52,12.480000000000473,0.0012664907651715519,max_hold_time,AMZN
2025-04-28 08:00:00,2025-04-28 08:43:00,189.3,188.94,-52,18.72000000000071,0.0019017432646593428,max_hold_time,AMZN
2025-04-28 08:43:00,2025-04-28 09:26:00,188.94,189.5,-52,-29.12000000000012,-0.0029639038848311753,max_hold_time,AMZN
2025-04-28 09:26:00,2025-04-28 10:12:00,189.5,189.28,-52,11.43999999999994,0.0011609498680738726,max_hold_time,AMZN
2025-04-29 08:00:00,2025-04-29 08:47:00,188.74,188.7,-52,2.080000000001064,0.0002119317579740408,max_hold_time,AMZN
2025-04-29 08:47:00,2025-04-29 09:31:00,188.7,188.5,-52,10.399999999999409,0.001059883412824529,max_hold_time,AMZN
2025-04-29 09:31:00,2025-04-29 10:14:00,188.5,188.3,-53,10.599999999999397,0.0010610079575596213,max_hold_time,AMZN
2025-04-30 08:00:00,2025-04-30 08:43:00,186.94,186.8,-53,7.419999999999277,0.0007489033914624283,max_hold_time,AMZN
2025-04-30 08:43:00,2025-04-30 09:27:00,186.8,187.11,-53,-16.43000000000012,-0.0016595289079229243,max_hold_time,AMZN
2025-04-30 09:27:00,2025-04-30 10:10:00,187.11,186.95,-53,8.480000000001326,0.0008551119662232109,max_hold_time,AMZN
2025-05-01 08:00:00,2025-05-01 08:44:00,191.0,191.76,-52,-39.51999999999953,-0.003979057591622989,max_hold_time,AMZN
2025-05-01 08:44:00,2025-05-01 09:27:00,191.76,191.65,-52,5.7199999999992315,0.0005736337088025929,max_hold_time,AMZN
2025-05-01 09:27:00,2025-05-01 10:10:00,191.65,191.4,-52,13.0,0.0013044612575006521,max_hold_time,AMZN
2025-05-02 08:00:00,2025-05-02 08:43:00,185.3,185.99,-53,-36.56999999999988,-0.0037236913113869274,max_hold_time,AMZN
2025-05-02 08:43:00,2025-05-02 09:26:00,185.99,186.1,-53,-5.829999999999217,-0.0005914296467551224,max_hold_time,AMZN
2025-05-02 09:26:00,2025-05-02 09:49:00,186.1,187.29,-53,-63.06999999999988,-0.006394411606663072,stop_loss,AMZN
2025-05-05 08:00:00,2025-05-05 08:43:00,188.51,187.5,-52,52.51999999999953,0.005357805951938841,max_hold_time,AMZN
2025-05-05 08:43:00,2025-05-05 09:26:00,187.5,187.28,-53,11.65999999999994,0.0011733333333333272,max_hold_time,AMZN
2025-05-05 09:26:00,2025-05-05 10:09:00,187.28,187.1,-53,9.540000000000362,0.0009611277231952522,max_hold_time,AMZN
2025-05-06 08:00:00,2025-05-06 08:43:00,185.1,184.85,-54,13.5,0.001350621285791464,max_hold_time,AMZN
2025-05-06 08:43:00,2025-05-06 09:35:00,184.85,184.42,-54,23.22000000000037,0.0023262104408980624,max_hold_time,AMZN
2025-05-06 09:35:00,2025-05-06 10:18:00,184.42,185.0,-54,-31.320000000000675,-0.003144995119835227,max_hold_time,AMZN
2025-05-07 08:00:00,2025-05-07 08:43:00,187.02,187.05,-53,-1.5900000000000603,-0.00016041065126725022,max_hold_time,AMZN
2025-05-07 08:43:00,2025-05-07 09:26:00,187.05,186.68,-53,19.61000000000024,0.0019780807270783456,max_hold_time,AMZN
2025-05-07 09:26:00,2025-05-07 10:09:00,186.68,186.68,-53,-0.0,0.0,max_hold_time,AMZN
2025-05-08 08:00:00,2025-05-08 08:43:00,191.41,191.92,-52,-26.519999999999527,-0.002664437594691975,max_hold_time,AMZN
2025-05-08 08:43:00,2025-05-08 09:28:00,191.92,192.03,-52,-5.720000000000709,-0.0005731554814506755,max_hold_time,AMZN
2025-05-08 09:28:00,2025-05-08 10:14:00,192.03,192.2,-52,-8.83999999999935,-0.0008852783419256757,max_hold_time,AMZN
2025-05-09 08:00:00,2025-05-09 08:48:00,192.69,192.68,-51,0.5099999999995362,5.189682910369456e-05,max_hold_time,AMZN
2025-05-09 08:48:00,2025-05-09 09:34:00,192.68,192.8,-51,-6.120000000000232,-0.0006227942702927368,max_hold_time,AMZN
2025-05-09 09:34:00,2025-05-09 10:18:00,192.8,193.0,-51,-10.19999999999942,-0.00103734439834019,max_hold_time,AMZN
2025-05-12 08:00:00,2025-05-12 08:02:00,202.94,204.16,-49,-59.779999999999944,-0.00601162905292204,stop_loss,AMZN
2025-05-12 08:02:00,2025-05-12 08:15:00,204.16,205.5,-48,-64.32000000000016,-0.006563479623824468,stop_loss,AMZN
2025-05-12 08:15:00,2025-05-12 08:49:00,205.5,206.84,-48,-64.32000000000016,-0.006520681265206829,stop_loss,AMZN
2025-05-13 08:00:00,2025-05-13 08:43:00,207.52,207.1,-48,20.160000000000764,0.002023901310717116,max_hold_time,AMZN
2025-05-13 08:43:00,2025-05-13 09:26:00,207.1,207.25,-48,-7.200000000000273,-0.0007242877836794095,max_hold_time,AMZN
2025-05-13 09:26:00,2025-05-13 10:09:00,207.25,207.75,-48,-24.0,-0.0024125452352231603,max_hold_time,AMZN
2025-05-14 08:00:00,2025-05-14 08:45:00,211.21,210.93,-47,13.160000000000053,0.00132569480611714,max_hold_time,AMZN
2025-05-14 08:45:00,2025-05-14 09:30:00,210.93,210.72,-47,9.870000000000374,0.000995590954345081,max_hold_time,AMZN
2025-05-14 09:30:00,2025-05-14 10:13:00,210.72,210.52,-47,9.399999999999466,0.0009491268033408725,max_hold_time,AMZN
2025-05-15 08:00:00,2025-05-15 08:44:00,208.29,207.32,-47,45.58999999999995,0.004656968649479086,max_hold_time,AMZN
2025-05-15 08:44:00,2025-05-15 09:27:00,207.32,207.6,-48,-13.440000000000055,-0.0013505691684352747,max_hold_time,AMZN
2025-05-15 09:27:00,2025-05-15 10:11:00,207.6,207.41,-48,9.11999999999989,0.0009152215799614535,max_hold_time,AMZN
2025-05-16 08:00:00,2025-05-16 08:43:00,205.78,206.1,-48,-15.359999999999673,-0.0015550588006608668,max_hold_time,AMZN
2025-05-16 08:43:00,2025-05-16 09:27:00,206.1,206.09,-48,0.47999999999956344,4.852013585633627e-05,max_hold_time,AMZN
2025-05-16 09:27:00,2025-05-16 10:14:00,206.09,205.79,-48,14.400000000000546,0.0014556747052259273,max_hold_time,AMZN
2025-04-16 11:45:00,2025-04-16 12:29:00,514.53,513.77,-19,14.439999999999827,0.0014770761665986259,max_hold_time,META
2025-04-16 12:29:00,2025-04-16 13:12:00,513.77,510.31,-19,65.73999999999961,0.006734531015824162,max_hold_time,META
2025-04-16 13:27:00,2025-04-16 14:10:00,508.4,508.335,19,-1.2349999999999568,-0.00012785208497245816,max_hold_time,META
2025-04-17 08:00:00,2025-04-17 08:44:00,509.0,508.5,-19,9.5,0.0009823182711198428,max_hold_time,META
2025-04-17 08:44:00,2025-04-17 09:29:00,508.5,508.43,-19,1.3299999999998704,0.00013765978367746937,max_hold_time,META
2025-04-17 09:29:00,2025-04-17 10:21:00,508.43,506.37,-19,39.14000000000004,0.004051688531361254,max_hold_time,META
2025-04-21 08:00:00,2025-04-21 08:18:00,498.91,495.59,20,-66.400000000001,-0.006654506824878334,stop_loss,META
2025-04-21 08:18:00,2025-04-21 09:02:00,495.59,495.76,20,3.4000000000003183,0.000343025484775754,max_hold_time,META
2025-04-21 09:02:00,2025-04-21 09:51:00,495.76,494.99,20,-15.399999999999636,-0.0015531708891398698,max_hold_time,META
2025-04-22 08:00:00,2025-04-22 08:43:00,489.67,489.5,20,-3.4000000000003183,-0.0003471725856189187,max_hold_time,META
2025-04-22 08:43:00,2025-04-22 09:31:00,489.5,489.19,20,-6.2000000000000455,-0.0006332992849846829,max_hold_time,META
2025-04-22 09:31:00,2025-04-22 10:23:00,489.19,488.6,20,-11.7999999999995,-0.0012060753490463316,max_hold_time,META
2025-04-23 08:02:00,2025-04-23 08:45:00,520.0,520.04,-19,-0.7599999999993088,-7.692307692300697e-05,max_hold_time,META
2025-04-23 08:45:00,2025-04-23 09:28:00,520.04,518.58,-19,27.73999999999853,0.0028074763479730845,max_hold_time,META
2025-04-23 09:28:00,2025-04-23 10:18:00,518.58,521.05,-19,-46.92999999999836,-0.00476300667206586,max_hold_time,META
2025-04-24 08:01:00,2025-04-24 08:44:00,516.5,513.26,-19,61.56000000000017,0.006272991287512119,max_hold_time,META
2025-04-24 08:44:00,2025-04-24 09:28:00,513.26,515.2,-19,-36.86000000000104,-0.0037797607450416057,max_hold_time,META
2025-04-24 09:28:00,2025-04-24 10:17:00,515.2,516.9,-19,-32.299999999998704,-0.0032996894409936563,max_hold_time,META
2025-04-25 08:00:00,2025-04-25 08:48:00,553.0,553.2,-18,-3.6000000000008185,-0.00036166365280297554,max_hold_time,META
2025-04-25 08:48:00,2025-04-25 09:31:00,553.2,553.5,-18,-5.3999999999991815,-0.0005422993492406986,max_hold_time,META
2025-04-25 09:31:00,2025-04-25 10:14:00,553.5,552.23,-18,22.859999999999673,0.0022944896115627495,max_hold_time,META
2025-04-28 08:00:00,2025-04-28 08:50:00,550.0,551.75,-18,-31.5,-0.003181818181818182,max_hold_time,META
2025-04-28 08:50:00,2025-04-28 09:36:00,551.75,553.0,-18,-22.5,-0.0022655188038060714,max_hold_time,META
2025-04-28 09:36:00,2025-04-28 10:20:00,553.0,552.75,-18,4.5,0.0004520795660036166,max_hold_time,META
2025-04-29 08:00:00,2025-04-29 08:55:00,552.99,552.61,-18,6.839999999999918,0.0006871733666069829,max_hold_time,META
2025-04-29 08:55:00,2025-04-29 09:39:00,552.61,552.62,-18,-0.1799999999998363,-1.809594469877654e-05,max_hold_time,META
2025-04-29 09:39:00,2025-04-29 10:23:00,552.62,551.55,-18,19.2600000000009,0.00193623104484103,max_hold_time,META
2025-04-30 08:00:00,2025-04-30 08:43:00,549.08,550.1,-18,-18.359999999999673,-0.0018576528010489943,max_hold_time,META
2025-04-30 08:43:00,2025-04-30 09:26:00,550.1,551.43,-18,-23.93999999999869,-0.002417742228685561,max_hold_time,META
2025-04-30 09:26:00,2025-04-30 10:21:00,551.43,549.8,-18,29.339999999999918,0.0029559508913189264,max_hold_time,META
2025-05-01 08:00:00,2025-05-01 08:04:00,581.99,586.36,-17,-74.29000000000008,-0.007508720081101057,stop_loss,META
2025-05-01 08:04:00,2025-05-01 08:50:00,586.36,582.77,-17,61.03000000000054,0.0061225185892626235,max_hold_time,META
2025-05-01 08:50:00,2025-05-01 09:33:00,582.77,584.0,-17,-20.91000000000031,-0.002110609674485677,max_hold_time,META
2025-05-02 08:00:00,2025-05-02 08:44:00,577.54,578.5,-17,-16.32000000000062,-0.0016622225300412725,max_hold_time,META
2025-05-02 08:44:00,2025-05-02 09:27:00,578.5,577.0,-17,25.5,0.0025929127052722557,max_hold_time,META
2025-05-02 09:27:00,2025-05-02 10:14:00,577.0,577.2,-17,-3.400000000000773,-0.0003466204506066646,max_hold_time,META
2025-05-05 08:14:00,2025-05-05 08:57:00,594.69,591.5,-16,51.04000000000087,0.00536413929946704,max_hold_time,META
2025-05-05 08:57:00,2025-05-05 09:42:00,591.5,592.5,-16,-16.0,-0.0016906170752324597,max_hold_time,META
2025-05-05 09:42:00,2025-05-05 10:25:00,592.5,592.0,-16,8.0,0.0008438818565400844,max_hold_time,META
2025-05-06 08:00:00,2025-05-06 08:44:00,594.3,592.9,-16,22.399999999999636,0.0023557126030623885,max_hold_time,META
2025-05-06 08:44:00,2025-05-06 09:28:00,592.9,591.0,-16,30.399999999999636,0.0032045876201719976,max_hold_time,META
2025-05-06 09:28:00,2025-05-06 10:11:00,591.0,591.0,-16,-0.0,0.0,max_hold_time,META
2025-05-07 08:00:00,2025-05-07 08:44:00,592.32,592.51,-16,-3.039999999999054,-0.0003207725553753729,max_hold_time,META
2025-05-07 08:44:00,2025-05-07 09:34:00,592.51,590.63,-16,30.079999999999927,0.0031729422288231347,max_hold_time,META
2025-05-07 09:34:00,2025-05-07 10:46:00,590.63,591.55,-16,-14.719999999999345,-0.001557658771142609,max_hold_time,META
2025-05-08 08:00:00,2025-05-08 08:20:00,603.44,607.32,-16,-62.07999999999993,-0.006429802465862381,stop_loss,META
2025-05-08 08:20:00,2025-05-08 09:11:00,607.32,608.49,-16,-18.719999999999345,-0.0019264967397746805,max_hold_time,META
2025-05-08 09:11:00,2025-05-08 09:55:00,608.49,609.85,-16,-21.76000000000022,-0.002235040838797702,max_hold_time,META
2025-05-09 08:00:00,2025-05-09 08:46:00,601.0,600.85,-16,2.399999999999636,0.00024958402662225834,max_hold_time,META
2025-05-09 08:46:00,2025-05-09 09:32:00,600.85,601.18,-16,-5.279999999998836,-0.0005492219355911247,max_hold_time,META
2025-05-09 09:32:00,2025-05-09 10:30:00,601.18,603.6,-16,-38.720000000001164,-0.004025416680528416,max_hold_time,META
2025-05-12 08:00:00,2025-05-12 08:15:00,618.0,622.0,-16,-64.0,-0.006472491909385114,stop_loss,META
2025-05-12 08:15:00,2025-05-12 08:21:00,622.0,627.25,-16,-84.0,-0.008440514469453377,stop_loss,META
2025-05-12 08:21:00,2025-05-12 09:04:00,627.25,631.72,-15,-67.05000000000041,-0.0071263451574332835,stop_loss,META
2025-05-13 08:02:00,2025-05-13 08:48:00,634.88,635.0,-15,-1.8000000000000682,-0.00018901209677420073,max_hold_time,META
2025-05-13 08:48:00,2025-05-13 09:52:00,635.0,635.61,-15,-9.150000000000205,-0.000960629921259864,max_hold_time,META
2025-05-13 09:52:00,2025-05-13 10:43:00,635.61,636.85,-15,-18.600000000000136,-0.0019508818300530341,max_hold_time,META
2025-05-14 08:00:00,2025-05-14 08:49:00,658.05,658.3,-15,-3.75,-0.00037991034115948636,max_hold_time,META
2025-05-14 08:49:00,2025-05-14 09:36:00,658.3,656.85,-15,21.749999999998977,0.002202643171806064,max_hold_time,META
2025-05-14 09:36:00,2025-05-14 10:22:00,656.85,656.61,-15,3.6000000000001364,0.0003653802237954009,max_hold_time,META
2025-05-15 08:05:00,2025-05-15 08:48:00,653.68,649.06,-15,69.30000000000007,0.007067678374739941,max_hold_time,META
2025-05-15 08:48:00,2025-05-15 09:42:00,649.06,647.84,-15,18.299999999998704,0.0018796413274580373,max_hold_time,META
2025-05-15 09:42:00,2025-05-15 10:31:00,647.84,649.16,-15,-19.799999999999045,-0.002037540133366165,max_hold_time,META
2025-05-16 08:01:00,2025-05-16 08:49:00,644.15,643.9,-15,3.75,0.00038810835985407126,max_hold_time,META
2025-05-16 08:49:00,2025-05-16 09:39:00,643.9,643.59,-15,4.6499999999991815,0.0004814412175802849,max_hold_time,META
2025-05-16 09:39:00,2025-05-16 10:29:00,643.59,643.0,-15,8.850000000000477,0.0009167327024969807,max_hold_time,META
2025-04-16 11:27:00,2025-04-16 12:10:00,249.47,249.85,-40,-15.199999999999818,-0.001523229246001505,max_hold_time,TSLA
2025-04-16 12:22:00,2025-04-16 13:05:00,249.89,248.61,-40,51.19999999999891,0.005122253791668225,max_hold_time,TSLA
2025-04-16 13:12:00,2025-04-16 13:55:00,248.0,248.03,40,1.2000000000000455,0.00012096774193548845,max_hold_time,TSLA
2025-04-17 08:00:00,2025-04-17 08:43:00,245.29,244.0,-40,51.59999999999968,0.005259081087692088,max_hold_time,TSLA
2025-04-17 09:16:00,2025-04-17 09:59:00,244.38,243.9,-40,19.19999999999959,0.001964154186103567,max_hold_time,TSLA
2025-04-17 10:43:00,2025-04-17 11:26:00,242.6,242.6,41,0.0,0.0,max_hold_time,TSLA
2025-04-21 08:00:00,2025-04-21 08:43:00,235.31,234.25,42,-44.520000000000095,-0.00450469593302453,max_hold_time,TSLA
2025-04-21 08:43:00,2025-04-21 08:59:00,234.25,232.84,42,-59.21999999999986,-0.006019210245464233,stop_loss,TSLA
2025-04-21 08:59:00,2025-04-21 09:42:00,232.84,232.43,42,-17.219999999999857,-0.001760865830613282,max_hold_time,TSLA
2025-04-22 08:00:00,2025-04-22 08:07:00,229.96,228.21,43,-75.25,-0.0076100191337623935,stop_loss,TSLA
2025-04-22 08:07:00,2025-04-22 08:50:00,228.21,228.68,43,20.20999999999995,0.002059506594803027,max_hold_time,TSLA
2025-04-22 08:50:00,2025-04-22 09:33:00,228.68,229.18,43,21.5,0.00218646143082036,max_hold_time,TSLA
2025-04-23 08:00:00,2025-04-23 08:15:00,250.2,251.79,-39,-62.01000000000013,-0.006354916067146297,stop_loss,TSLA
2025-04-23 08:15:00,2025-04-23 08:19:00,251.79,253.31,-39,-59.2800000000004,-0.006036776678978555,stop_loss,TSLA
2025-04-23 08:19:00,2025-04-23 09:02:00,253.31,252.45,-39,33.54000000000053,0.0033950495440370045,max_hold_time,TSLA
2025-04-24 08:00:00,2025-04-24 08:41:00,248.24,245.05,-40,127.59999999999991,0.012850467289719617,take_profit,TSLA
2025-04-24 08:41:00,2025-04-24 09:24:00,245.05,246.21,-40,-46.399999999999864,-0.004733727810650874,max_hold_time,TSLA
2025-04-24 09:24:00,2025-04-24 09:59:00,246.21,247.69,-40,-59.19999999999959,-0.006011128711262702,stop_loss,TSLA
2025-04-25 08:00:00,2025-04-25 08:43:00,263.57,264.15,-37,-21.45999999999941,-0.0022005539325415796,max_hold_time,TSLA
2025-04-25 08:43:00,2025-04-25 09:26:00,264.15,264.05,-37,3.699999999998738,0.00037857278061694455,max_hold_time,TSLA
2025-04-25 09:26:00,2025-04-25 10:09:00,264.05,263.53,-37,19.24000000000143,0.001969323991668391,max_hold_time,TSLA
2025-04-28 08:00:00,2025-04-28 08:28:00,285.89,287.7,-34,-61.54000000000008,-0.006331106369582715,stop_loss,TSLA
2025-04-28 08:28:00,2025-04-28 08:34:00,287.7,289.54,-34,-62.56000000000108,-0.006395550921098477,stop_loss,TSLA
2025-04-28 08:34:00,2025-04-28 08:41:00,289.54,291.29,-34,-59.5,-0.006044069903985632,stop_loss,TSLA
2025-04-29 08:00:00,2025-04-29 08:43:00,288.62,288.79,-34,-5.780000000000541,-0.000589009770632721,max_hold_time,TSLA
2025-04-29 08:43:00,2025-04-29 09:26:00,288.79,287.97,-34,27.879999999999768,0.0028394334983898096,max_hold_time,TSLA
2025-04-29 09:26:00,2025-04-29 10:09:00,287.97,287.71,-34,8.840000000001623,0.0009028718269265816,max_hold_time,TSLA
2025-04-30 08:00:00,2025-04-30 08:43:00,289.27,288.71,-34,19.040000000000077,0.0019359076295502552,max_hold_time,TSLA
2025-04-30 08:43:00,2025-04-30 09:28:00,288.71,289.2,-34,-16.66000000000031,-0.0016972048075924253,max_hold_time,TSLA
2025-04-30 09:28:00,2025-04-30 10:11:00,289.2,289.11,-34,3.0599999999991496,0.0003112033195019882,max_hold_time,TSLA
2025-05-01 08:00:00,2025-05-01 08:43:00,283.1,282.9,-35,7.000000000001592,0.0007064641469447031,max_hold_time,TSLA
2025-05-01 08:43:00,2025-05-01 09:26:00,282.9,283.19,-35,-10.150000000000716,-0.0010250972074938864,max_hold_time,TSLA
2025-05-01 09:26:00,2025-05-01 10:09:00,283.19,284.8,-35,-56.35000000000048,-0.005685228998199138,max_hold_time,TSLA
2025-05-02 08:00:00,2025-05-02 08:43:00,281.32,282.1,-35,-27.300000000001035,-0.002772643253234856,max_hold_time,TSLA
2025-05-02 08:43:00,2025-05-02 09:26:00,282.1,280.99,-35,38.85000000000048,0.003934774902516886,max_hold_time,TSLA
2025-05-02 09:26:00,2025-05-02 10:09:00,280.99,282.25,-35,-44.09999999999968,-0.004484145343250617,max_hold_time,TSLA
2025-05-05 08:00:00,2025-05-05 08:43:00,287.8,286.5,-34,44.20000000000039,0.0045170257123002475,max_hold_time,TSLA
2025-05-05 08:43:00,2025-05-05 09:27:00,286.5,286.18,-34,10.879999999999768,0.0011169284467713548,max_hold_time,TSLA
2025-05-05 09:27:00,2025-05-05 10:10:00,286.18,285.93,-34,8.5,0.0008735760710042631,max_hold_time,TSLA
2025-05-06 08:00:00,2025-05-06 08:43:00,276.5,276.15,-36,12.600000000000819,0.0012658227848102088,max_hold_time,TSLA
2025-05-06 08:43:00,2025-05-06 09:26:00,276.15,275.39,-36,27.359999999999673,0.0027521274669563317,max_hold_time,TSLA
2025-05-06 09:26:00,2025-05-06 10:09:00,275.39,275.53,-36,-5.039999999999509,-0.0005083699480735915,max_hold_time,TSLA
2025-05-07 08:00:00,2025-05-07 08:43:00,278.81,278.98,-35,-5.950000000000557,-0.0006097342276102576,max_hold_time,TSLA
2025-05-07 08:43:00,2025-05-07 09:26:00,278.98,278.92,-35,2.1000000000000796,0.0002150691805864301,max_hold_time,TSLA
2025-05-07 09:26:00,2025-05-07 10:09:00,278.92,278.79,-35,4.549999999999841,0.00046608346479275577,max_hold_time,TSLA
2025-05-08 08:00:00,2025-05-08 08:43:00,279.09,279.46,-35,-12.95000000000016,-0.0013257372173850893,max_hold_time,TSLA
2025-05-08 08:43:00,2025-05-08 09:20:00,279.46,281.22,-35,-61.60000000000167,-0.006297860158878007,stop_loss,TSLA
2025-05-08 09:20:00,2025-05-08 10:03:00,281.22,280.38,-35,29.400000000001114,0.002986985278429812,max_hold_time,TSLA
2025-05-09 08:00:00,2025-05-09 08:43:00,287.2,287.06,-34,4.759999999999536,0.0004874651810584483,max_hold_time,TSLA
2025-05-09 08:43:00,2025-05-09 09:27:00,287.06,287.34,-34,-9.519999999999072,-0.0009754058385005669,max_hold_time,TSLA
2025-05-09 09:27:00,2025-05-09 10:10:00,287.34,288.21,-34,-29.580000000000155,-0.0030277719774483352,max_hold_time,TSLA
2025-05-12 08:00:00,2025-05-12 08:05:00,321.04,316.41,-31,143.52999999999986,0.014421878893595799,take_profit,TSLA
2025-05-12 08:05:00,2025-05-12 08:07:00,316.41,318.46,-31,-63.54999999999859,-0.006478935558294474,stop_loss,TSLA
2025-05-12 08:07:00,2025-05-12 08:42:00,318.46,320.82,-31,-73.16000000000042,-0.0074106638196320225,stop_loss,TSLA
2025-05-13 08:00:00,2025-05-13 08:43:00,315.33,314.85,-31,14.879999999998802,0.0015222148225667123,max_hold_time,TSLA
2025-05-13 08:43:00,2025-05-13 09:26:00,314.85,314.45,-31,12.400000000001057,0.0012704462442433987,max_hold_time,TSLA
2025-05-13 09:26:00,2025-05-13 10:09:00,314.45,314.47,-31,-0.6200000000011983,-6.360311655283401e-05,max_hold_time,TSLA
2025-05-14 08:00:00,2025-05-14 08:43:00,340.35,340.47,-29,-3.480000000000132,-0.0003525782282944162,max_hold_time,TSLA
2025-05-14 08:43:00,2025-05-14 09:26:00,340.47,339.02,-29,42.05000000000132,0.004258818691808516,max_hold_time,TSLA
2025-05-14 09:26:00,2025-05-14 10:09:00,339.02,338.74,-29,8.119999999999209,0.000825909975812556,max_hold_time,TSLA
2025-05-15 08:00:00,2025-05-15 08:43:00,341.18,337.9,-29,95.12000000000086,0.009613693651445071,max_hold_time,TSLA
2025-05-15 08:43:00,2025-05-15 09:26:00,337.9,337.65,-29,7.25,0.0007398638650488311,max_hold_time,TSLA
2025-05-15 09:26:00,2025-05-15 10:09:00,337.65,337.78,-29,-3.769999999999868,-0.00038501406782169545,max_hold_time,TSLA
2025-05-16 08:00:00,2025-05-16 08:07:00,342.82,344.9,-29,-60.31999999999954,-0.006067323960095631,stop_loss,TSLA
2025-05-16 08:07:00,2025-05-16 08:36:00,344.9,347.49,-28,-72.52000000000089,-0.007509423021165648,stop_loss,TSLA
2025-05-16 08:36:00,2025-05-16 09:19:00,347.49,346.9,-28,16.52000000000089,0.0016978905867795673,max_hold_time,TSLA
2025-04-16 12:00:00,2025-04-16 12:43:00,531.0,532.97,18,35.46000000000049,0.0037099811676083376,max_hold_time,SPY
2025-04-16 13:54:00,2025-04-16 14:37:00,530.535,531.8,18,22.769999999999754,0.00238438557305359,max_hold_time,SPY
2025-04-16 15:24:00,2025-04-16 16:07:00,534.441,531.14,-18,59.4180000000008,0.006176547083775467,max_hold_time,SPY
2025-04-17 08:00:00,2025-04-17 08:43:00,531.21,530.76,-18,8.100000000000819,0.0008471226068787211,max_hold_time,SPY
2025-04-17 08:43:00,2025-04-17 09:26:00,530.76,530.8,-18,-0.7199999999993452,-7.536362951232877e-05,max_hold_time,SPY
2025-04-17 09:26:00,2025-04-17 10:09:00,530.8,529.19,-18,28.9799999999982,0.003033157498115863,max_hold_time,SPY
2025-04-21 08:00:00,2025-04-21 08:43:00,520.84,521.3,19,8.739999999998531,0.0008831886951845532,max_hold_time,SPY
2025-04-21 08:43:00,2025-04-21 09:26:00,521.3,521.15,19,-2.849999999999568,-0.0002877421830039848,max_hold_time,SPY
2025-04-21 09:26:00,2025-04-21 10:11:00,521.15,521.44,19,5.510000000001469,0.0005564616713039956,max_hold_time,SPY
2025-04-22 08:00:00,2025-04-22 08:43:00,518.62,519.37,19,14.25,0.0014461455400871543,max_hold_time,SPY
2025-04-22 08:43:00,2025-04-22 09:28:00,519.37,519.34,19,-0.5699999999994816,-5.776228892691668e-05,max_hold_time,SPY
2025-04-22 09:28:00,2025-04-22 10:12:00,519.34,518.84,19,-9.5,-0.0009627604266954211,max_hold_time,SPY
2025-04-23 08:00:00,2025-04-23 08:43:00,536.99,538.35,-18,-24.480000000000246,-0.002532635617050622,max_hold_time,SPY
2025-04-23 08:43:00,2025-04-23 09:26:00,538.35,538.09,-18,4.679999999999836,0.0004829571839880949,max_hold_time,SPY
2025-04-23 09:26:00,2025-04-23 10:10:00,538.09,538.26,-18,-3.0599999999992633,-0.0003159322789867105,max_hold_time,SPY
2025-04-24 08:00:00,2025-04-24 08:43:00,533.1,531.22,-18,33.83999999999992,0.003526542862502336,max_hold_time,SPY
2025-04-24 08:43:00,2025-04-24 09:26:00,531.22,532.56,-18,-24.119999999998527,-0.0025224953879746962,max_hold_time,SPY
2025-04-24 09:26:00,2025-04-24 10:09:00,532.56,533.68,-18,-20.160000000000082,-0.0021030494216614177,max_hold_time,SPY
2025-04-25 08:00:00,2025-04-25 08:43:00,549.25,548.99,-18,4.679999999999836,0.0004733727810650722,max_hold_time,SPY
2025-04-25 08:43:00,2025-04-25 09:26:00,548.99,548.9,-18,1.620000000000573,0.00016393741233908054,max_hold_time,SPY
2025-04-25 09:26:00,2025-04-25 10:09:00,548.9,547.78,-18,20.160000000000082,0.002040444525414474,max_hold_time,SPY
2025-04-28 08:00:00,2025-04-28 08:48:00,548.94,549.45,-18,-9.179999999999836,-0.0009290632856049675,max_hold_time,SPY
2025-04-28 08:48:00,2025-04-28 09:32:00,549.45,550.62,-18,-21.059999999999263,-0.002129402129402055,max_hold_time,SPY
2025-04-28 09:32:00,2025-04-28 10:15:00,550.62,549.67,-18,17.10000000000082,0.0017253278122844166,max_hold_time,SPY
2025-04-29 08:00:00,2025-04-29 08:43:00,552.8,552.4,-18,7.199999999999591,0.000723589001447137,max_hold_time,SPY
2025-04-29 08:43:00,2025-04-29 09:26:00,552.4,551.69,-18,12.779999999998608,0.0012853005068789332,max_hold_time,SPY
2025-04-29 09:26:00,2025-04-29 10:10:00,551.69,551.8,-18,-1.9799999999981992,-0.00019938733709130117,max_hold_time,SPY
2025-04-30 08:00:00,2025-04-30 08:44:00,553.22,553.33,-18,-1.9800000000002456,-0.00019883590614947695,max_hold_time,SPY
2025-04-30 08:44:00,2025-04-30 09:27:00,553.33,553.68,-18,-6.299999999998363,-0.0006325339309271303,max_hold_time,SPY
2025-04-30 09:27:00,2025-04-30 10:15:00,553.68,553.36,-18,5.759999999998854,0.0005779511631266008,max_hold_time,SPY
2025-05-01 08:00:00,2025-05-01 08:43:00,560.27,560.56,-17,-4.9299999999993815,-0.0005176075820585854,max_hold_time,SPY
2025-05-01 08:43:00,2025-05-01 09:26:00,560.56,561.0,-17,-7.480000000000928,-0.0007849293563580252,max_hold_time,SPY
2025-05-01 09:26:00,2025-05-01 10:09:00,561.0,561.84,-17,-14.280000000000541,-0.001497326203208613,max_hold_time,SPY
2025-05-02 08:00:00,2025-05-02 08:43:00,560.92,561.22,-17,-5.10000000000116,-0.0005348356271840338,max_hold_time,SPY
2025-05-02 08:43:00,2025-05-02 09:28:00,561.22,560.44,-17,13.259999999999536,0.0013898293004525367,max_hold_time,SPY
2025-05-02 09:28:00,2025-05-02 10:13:00,560.44,561.03,-17,-10.029999999998608,-0.0010527442723572873,max_hold_time,SPY
2025-05-05 08:00:00,2025-05-05 08:44:00,563.42,562.62,-17,13.599999999999227,0.0014198998970571769,max_hold_time,SPY
2025-05-05 08:44:00,2025-05-05 09:27:00,562.62,562.57,-17,0.8499999999992269,8.886992997041436e-05,max_hold_time,SPY
2025-05-05 09:27:00,2025-05-05 10:11:00,562.57,562.83,-17,-4.419999999999845,-0.00046216470839182837,max_hold_time,SPY
2025-05-06 08:00:00,2025-05-06 08:43:00,560.42,559.74,-17,11.55999999999915,0.0012133756825237322,max_hold_time,SPY
2025-05-06 08:43:00,2025-05-06 09:28:00,559.74,558.94,-17,13.599999999999227,0.001429235001965117,max_hold_time,SPY
2025-05-06 09:28:00,2025-05-06 10:11:00,558.94,559.4,-17,-7.819999999998686,-0.0008229863670517813,max_hold_time,SPY
2025-05-07 08:00:00,2025-05-07 08:43:00,562.17,562.23,-17,-1.020000000001005,-0.00010672928117839643,max_hold_time,SPY
2025-05-07 08:43:00,2025-05-07 09:27:00,562.23,561.84,-17,6.629999999999768,0.000693666293154023,max_hold_time,SPY
2025-05-07 09:27:00,2025-05-07 10:12:00,561.84,562.1,-17,-4.419999999999845,-0.0004627652000569395,max_hold_time,SPY
2025-05-08 08:00:00,2025-05-08 08:43:00,565.46,566.61,-17,-19.549999999999613,-0.0020337424397834985,max_hold_time,SPY
2025-05-08 08:43:00,2025-05-08 09:27:00,566.61,567.11,-17,-8.5,-0.000882441185295,max_hold_time,SPY
2025-05-08 09:27:00,2025-05-08 10:10:00,567.11,567.29,-17,-3.0599999999991496,-0.0003173987409849059,max_hold_time,SPY
2025-05-09 08:00:00,2025-05-09 08:44:00,565.47,565.09,-17,6.459999999999923,0.0006720073567121075,max_hold_time,SPY
2025-05-09 08:44:00,2025-05-09 09:27:00,565.09,565.39,-17,-5.099999999999227,-0.0005308888849562981,max_hold_time,SPY
2025-05-09 09:27:00,2025-05-09 10:10:00,565.39,566.25,-17,-14.620000000000232,-0.0015210739489556124,max_hold_time,SPY
2025-05-12 08:00:00,2025-05-12 08:43:00,578.46,579.23,-17,-13.08999999999969,-0.0013311205614908235,max_hold_time,SPY
2025-05-12 08:43:00,2025-05-12 09:26:00,579.23,579.89,-17,-11.219999999999459,-0.001139443744281146,max_hold_time,SPY
2025-05-12 09:26:00,2025-05-12 10:09:00,579.89,580.24,-17,-5.9500000000003865,-0.000603562744658509,max_hold_time,SPY
2025-05-13 08:00:00,2025-05-13 08:44:00,580.77,580.72,-17,0.8499999999992269,8.609260120177441e-05,max_hold_time,SPY
2025-05-13 08:44:00,2025-05-13 09:28:00,580.72,581.0,-17,-4.759999999999536,-0.00048216007714556536,max_hold_time,SPY
2025-05-13 09:28:00,2025-05-13 10:11:00,581.0,581.5,-17,-8.5,-0.0008605851979345956,max_hold_time,SPY
2025-05-14 08:00:00,2025-05-14 08:45:00,587.57,587.27,-17,5.10000000000116,0.0005105774631108944,max_hold_time,SPY
2025-05-14 08:45:00,2025-05-14 09:28:00,587.27,586.91,-17,6.120000000000232,0.0006130059427520793,max_hold_time,SPY
2025-05-14 09:28:00,2025-05-14 10:14:00,586.91,586.35,-17,9.519999999999072,0.0009541496992723679,max_hold_time,SPY
2025-05-15 08:00:00,2025-05-15 08:43:00,584.48,583.92,-17,9.520000000001005,0.0009581166164797069,max_hold_time,SPY
2025-05-15 08:43:00,2025-05-15 09:26:00,583.92,584.02,-17,-1.7000000000003865,-0.00017125633648448887,max_hold_time,SPY
2025-05-15 09:26:00,2025-05-15 10:09:00,584.02,584.46,-17,-7.480000000000928,-0.0007533988562036481,max_hold_time,SPY
2025-05-16 00:00:00,2025-05-16 08:00:00,590.18,591.21,-16,-16.480000000001382,-0.00174523026873172,max_hold_time,SPY
2025-05-16 08:00:00,2025-05-16 08:44:00,591.21,591.56,-16,-5.599999999998545,-0.0005920062245224354,max_hold_time,SPY
2025-05-16 08:44:00,2025-05-16 09:27:00,591.56,591.67,-16,-1.7600000000002183,-0.00018594901616068304,max_hold_time,SPY
2025-04-16 13:20:00,2025-04-16 14:03:00,449.41,447.9734,22,-31.605199999999968,-0.003196635588883199,max_hold_time,QQQ
2025-04-16 14:03:00,2025-04-16 14:46:00,447.9734,450.41,22,53.60519999999997,0.005439162235972043,max_hold_time,QQQ
2025-04-16 15:23:00,2025-04-16 16:06:00,451.17,448.285,-22,63.4699999999998,0.006394485448943837,max_hold_time,QQQ
2025-04-17 08:00:00,2025-04-17 08:43:00,449.69,449.11,-22,12.75999999999965,0.0012897774022103763,max_hold_time,QQQ
2025-04-17 08:43:00,2025-04-17 09:26:00,449.11,448.99,-22,2.6400000000001,0.00026719511923583206,max_hold_time,QQQ
2025-04-17 09:26:00,2025-04-17 10:09:00,448.99,448.65,-22,7.4800000000007,0.0007572551727210669,max_hold_time,QQQ
2025-04-21 08:00:00,2025-04-21 08:44:00,439.0,439.51,22,11.2199999999998,0.001161731207289273,max_hold_time,QQQ
2025-04-21 08:44:00,2025-04-21 09:27:00,439.51,438.93,22,-12.75999999999965,-0.0013196514300015565,max_hold_time,QQQ
2025-04-21 09:27:00,2025-04-21 10:10:00,438.93,439.31,22,8.3599999999999,0.0008657416900188993,max_hold_time,QQQ
2025-04-22 08:00:00,2025-04-22 08:43:00,437.25,437.99,22,16.2800000000002,0.0016923956546598263,max_hold_time,QQQ
2025-04-22 08:43:00,2025-04-22 09:27:00,437.99,437.77,22,-4.8400000000006,-0.0005022945729355174,max_hold_time,QQQ
2025-04-22 09:27:00,2025-04-22 10:11:00,437.77,437.49,22,-6.1599999999994,-0.000639605272174824,max_hold_time,QQQ
2025-04-23 08:00:00,2025-04-23 08:43:00,454.27,455.78,-22,-33.2199999999998,-0.003324014352697715,max_hold_time,QQQ
2025-04-23 08:43:00,2025-04-23 09:26:00,455.78,455.57,-21,4.40999999999957,0.0004607486067839299,max_hold_time,QQQ
2025-04-23 09:26:00,2025-04-23 10:09:00,455.57,455.94,-21,-7.7700000000000955,-0.0008121693702394902,max_hold_time,QQQ
2025-04-24 08:00:00,2025-04-24 08:43:00,451.78,449.82,-22,43.11999999999955,0.004338394793926202,max_hold_time,QQQ
2025-04-24 08:43:00,2025-04-24 09:26:00,449.82,451.12,-22,-28.60000000000025,-0.002890044906851655,max_hold_time,QQQ
2025-04-24 09:26:00,2025-04-24 10:09:00,451.12,452.62,-22,-33.0,-0.0033250576343323286,max_hold_time,QQQ
2025-04-25 08:00:00,2025-04-25 08:43:00,469.91,469.49,-21,8.820000000000334,0.0008937881722032217,max_hold_time,QQQ
2025-04-25 08:43:00,2025-04-25 09:26:00,469.49,469.2,-21,6.09000000000043,0.0006176915376259781,max_hold_time,QQQ
2025-04-25 09:26:00,2025-04-25 10:09:00,469.2,468.3,-21,18.899999999999523,0.0019181585677748878,max_hold_time,QQQ
2025-04-28 08:00:00,2025-04-28 08:43:00,471.23,471.59,-21,-7.559999999999093,-0.0007639581520700227,max_hold_time,QQQ
2025-04-28 08:43:00,2025-04-28 09:26:00,471.59,472.06,-21,-9.870000000000573,-0.0009966284272355803,max_hold_time,QQQ
2025-04-28 09:26:00,2025-04-28 10:09:00,472.06,472.06,-21,-0.0,0.0,max_hold_time,QQQ
2025-04-29 08:00:00,2025-04-29 08:44:00,474.42,473.93,-21,10.290000000000191,0.0010328400994899225,max_hold_time,QQQ
2025-04-29 08:44:00,2025-04-29 09:27:00,473.93,473.23,-21,14.699999999999761,0.001477011372987548,max_hold_time,QQQ
2025-04-29 09:27:00,2025-04-29 10:10:00,473.23,473.3,-21,-1.4699999999998568,-0.00014791961625423828,max_hold_time,QQQ
2025-04-30 08:00:00,2025-04-30 08:44:00,473.93,474.0,-21,-1.4699999999998568,-0.0001477011372987428,max_hold_time,QQQ
2025-04-30 08:44:00,2025-04-30 09:27:00,474.0,474.48,-21,-10.080000000000382,-0.0010126582278481397,max_hold_time,QQQ
2025-04-30 09:27:00,2025-04-30 10:10:00,474.48,474.0,-21,10.080000000000382,0.0010116337885685764,max_hold_time,QQQ
2025-05-01 08:00:00,2025-05-01 08:44:00,482.95,483.38,-20,-8.600000000000136,-0.0008903613210477417,max_hold_time,QQQ
2025-05-01 08:44:00,2025-05-01 09:27:00,483.38,483.72,-20,-6.800000000000637,-0.0007033803632753358,max_hold_time,QQQ
2025-05-01 09:27:00,2025-05-01 10:10:00,483.72,484.39,-20,-13.399999999999181,-0.0013850988174976412,max_hold_time,QQQ
2025-05-02 08:00:00,2025-05-02 08:43:00,482.07,482.68,-20,-12.200000000000273,-0.0012653763976186315,max_hold_time,QQQ
2025-05-02 08:43:00,2025-05-02 09:26:00,482.68,481.83,-20,17.000000000000455,0.0017610010773183532,max_hold_time,QQQ
2025-05-02 09:26:00,2025-05-02 10:10:00,481.83,482.67,-20,-16.800000000000637,-0.0017433534649150776,max_hold_time,QQQ
2025-05-05 08:00:00,2025-05-05 08:43:00,486.02,484.93,-20,21.7999999999995,0.0022427060614789002,max_hold_time,QQQ
2025-05-05 08:43:00,2025-05-05 09:26:00,484.93,484.7,-20,4.600000000000364,0.00047429525910959973,max_hold_time,QQQ
2025-05-05 09:26:00,2025-05-05 10:10:00,484.7,484.74,-20,-0.8000000000004093,-8.252527336501025e-05,max_hold_time,QQQ
2025-05-06 08:00:00,2025-05-06 08:43:00,482.11,481.4,-20,14.200000000000728,0.0014726929538902665,max_hold_time,QQQ
2025-05-06 08:43:00,2025-05-06 09:26:00,481.4,480.59,-20,16.200000000000045,0.0016825924387204037,max_hold_time,QQQ
2025-05-06 09:26:00,2025-05-06 10:09:00,480.59,481.19,-20,-12.000000000000455,-0.0012484654279115727,max_hold_time,QQQ
2025-05-07 08:00:00,2025-05-07 08:43:00,484.94,484.63,-20,6.2000000000000455,0.0006392543407431894,max_hold_time,QQQ
2025-05-07 08:43:00,2025-05-07 09:27:00,484.63,484.18,-20,8.999999999999773,0.0009285434248808135,max_hold_time,QQQ
2025-05-07 09:27:00,2025-05-07 10:11:00,484.18,484.11,-20,1.3999999999998636,0.00014457433186003795,max_hold_time,QQQ
2025-05-08 08:00:00,2025-05-08 08:43:00,488.57,489.71,-20,-22.799999999999727,-0.0023333401559653406,max_hold_time,QQQ
2025-05-08 08:43:00,2025-05-08 09:26:00,489.71,490.34,-20,-12.599999999999909,-0.0012864756692736426,max_hold_time,QQQ
2025-05-08 09:26:00,2025-05-08 10:09:00,490.34,490.35,-20,-0.20000000000095497,-2.039401231808082e-05,max_hold_time,QQQ
2025-05-09 08:00:00,2025-05-09 08:44:00,489.36,489.05,-20,6.2000000000000455,0.0006334804642798803,max_hold_time,QQQ
2025-05-09 08:44:00,2025-05-09 09:27:00,489.05,489.25,-20,-3.9999999999997726,-0.0004089561394540203,max_hold_time,QQQ
2025-05-09 09:27:00,2025-05-09 10:10:00,489.25,490.0,-20,-15.0,-0.0015329586101175269,max_hold_time,QQQ
2025-05-12 08:00:00,2025-05-12 08:43:00,504.29,505.5,-19,-22.98999999999961,-0.0023994130361497936,max_hold_time,QQQ
2025-05-12 08:43:00,2025-05-12 09:26:00,505.5,506.49,-19,-18.810000000000173,-0.0019584569732937866,max_hold_time,QQQ
2025-05-12 09:26:00,2025-05-12 10:09:00,506.49,506.65,-19,-3.039999999999395,-0.0003158996228947623,max_hold_time,QQQ
2025-05-13 08:00:00,2025-05-13 08:45:00,505.45,505.43,-19,0.3799999999996544,3.956870115734852e-05,max_hold_time,QQQ
2025-05-13 08:45:00,2025-05-13 09:28:00,505.43,505.65,-19,-4.179999999999438,-0.00043527293591589427,max_hold_time,QQQ
2025-05-13 09:28:00,2025-05-13 10:11:00,505.65,506.1,-19,-8.550000000000864,-0.0008899436369030861,max_hold_time,QQQ
2025-05-14 08:00:00,2025-05-14 08:43:00,516.66,515.93,-19,13.870000000000346,0.001412921457051094,max_hold_time,QQQ
2025-05-14 08:43:00,2025-05-14 09:26:00,515.93,515.85,-19,1.5199999999986176,0.00015505979493328018,max_hold_time,QQQ
2025-05-14 09:26:00,2025-05-14 10:09:00,515.85,515.38,-19,8.930000000000518,0.0009111175729379224,max_hold_time,QQQ
2025-05-15 08:00:00,2025-05-15 08:43:00,515.73,514.57,-19,22.039999999999395,0.002249238942857635,max_hold_time,QQQ
2025-05-15 08:43:00,2025-05-15 09:26:00,514.57,514.75,-19,-3.4199999999990496,-0.00034980663466574024,max_hold_time,QQQ
2025-05-15 09:26:00,2025-05-15 10:09:00,514.75,514.95,-19,-3.800000000000864,-0.00038853812530363375,max_hold_time,QQQ
2025-05-16 08:00:00,2025-05-16 08:43:00,520.09,520.38,-19,-5.509999999999309,-0.0005575958007267273,max_hold_time,QQQ
2025-05-16 08:43:00,2025-05-16 09:26:00,520.38,520.61,-19,-4.370000000000346,-0.0004419847034859491,max_hold_time,QQQ
2025-05-16 09:26:00,2025-05-16 10:09:00,520.61,519.89,-19,13.680000000000518,0.001382993027410206,max_hold_time,QQQ
