trial_number,params,max_drawdown,win_rate,total_trades,compound_return,score
0,"{'vwap_dev_threshold': 0.004331746866241238, 'stop_loss': 0.00812314829830553, 'take_profit': 0.03132749803184172, 'max_hold_minutes': 32, 'min_volume': 4692, 'trailing_stop': 0.007678676474951174, 'max_trades_per_day': 2}",7.095962491002865e-05,0.125,8,-6.475023112097803e-05,-1.6186409117216213e-05
1,"{'vwap_dev_threshold': 0.00488559596704894, 'stop_loss': 0.016284523118742865, 'take_profit': 0.014080249416514801, 'max_hold_minutes': 28, 'min_volume': 1255, 'trailing_stop': 0.004619771872094272, 'max_trades_per_day': 2}",5.689840596009162e-05,0.125,8,-5.3082927793710855e-05,-1.3269976864933924e-05
2,"{'vwap_dev_threshold': 0.0012288732814975348, 'stop_loss': 0.008715687081992713, 'take_profit': 0.024190807961610973, 'max_hold_minutes': 40, 'min_volume': 1425, 'trailing_stop': 0.009548718487193308, 'max_trades_per_day': 2}",5.8687131305733955e-05,0.2222222222222222,9,-5.361766327129616e-05,-2.3828674046422867e-05
3,"{'vwap_dev_threshold': 0.0019449376374756746, 'stop_loss': 0.01938083869072384, 'take_profit': 0.025487567347046762, 'max_hold_minutes': 60, 'min_volume': 3261, 'trailing_stop': 0.0067777614745379855, 'max_trades_per_day': 5}",0.00015386724607975339,0.3333333333333333,21,-0.0001458990599101466,-9.725107388239506e-05
4,"{'vwap_dev_threshold': 0.0017955419746680358, 'stop_loss': 0.013620841581641646, 'take_profit': 0.034963265853007255, 'max_hold_minutes': 57, 'min_volume': 1721, 'trailing_stop': 0.007538098547815391, 'max_trades_per_day': 2}",6.956671702943176e-05,0.2222222222222222,9,-6.780118536830122e-05,-3.013176384996642e-05
5,"{'vwap_dev_threshold': 0.0033856299002394444, 'stop_loss': 0.010727375319127272, 'take_profit': 0.027379392848199707, 'max_hold_minutes': 43, 'min_volume': 4162, 'trailing_stop': 0.0038864677192059953, 'max_trades_per_day': 2}",5.958818193001207e-05,0.0,8,-5.958995737621401e-05,-0.0
6,"{'vwap_dev_threshold': 0.0019994257778685473, 'stop_loss': 0.01257585478495225, 'take_profit': 0.0318292737430844, 'max_hold_minutes': 39, 'min_volume': 1317, 'trailing_stop': 0.0076526530374188976, 'max_trades_per_day': 5}",0.00017693139105962472,0.23809523809523808,21,-0.00016645765332579088,-7.9251524638874e-05
7,"{'vwap_dev_threshold': 0.0027367614089755105, 'stop_loss': 0.008658876108361998, 'take_profit': 0.023851574161399165, 'max_hold_minutes': 44, 'min_volume': 2204, 'trailing_stop': 0.008889805692885819, 'max_trades_per_day': 3}",4.9098165910108944e-05,0.23076923076923078,13,-2.5461740067544088e-05,-1.1750995358218103e-05
8,"{'vwap_dev_threshold': 0.003664110956760461, 'stop_loss': 0.018764412264960874, 'take_profit': 0.0367838958871448, 'max_hold_minutes': 23, 'min_volume': 1980, 'trailing_stop': 0.004744571109563916, 'max_trades_per_day': 2}",6.783143880995339e-05,0.125,8,-6.7833739466035e-05,-1.695728455147179e-05
9,"{'vwap_dev_threshold': 0.004890157258018205, 'stop_loss': 0.014792069395545778, 'take_profit': 0.026530249946940747, 'max_hold_minutes': 55, 'min_volume': 3879, 'trailing_stop': 0.003342488123038369, 'max_trades_per_day': 3}",7.777916858948185e-05,0.3333333333333333,12,-5.241211747091337e-05,-3.4938693933328304e-05
10,"{'vwap_dev_threshold': 0.0032261501707497734, 'stop_loss': 0.006126970160360084, 'take_profit': 0.014348265237631408, 'max_hold_minutes': 47, 'min_volume': 4880, 'trailing_stop': 0.0032445837865061034, 'max_trades_per_day': 4}",0.00010099192610010506,0.0,16,-0.00010099702612808178,-0.0
11,"{'vwap_dev_threshold': 0.0031908728605166753, 'stop_loss': 0.005016517339551295, 'take_profit': 0.011777489343042031, 'max_hold_minutes': 48, 'min_volume': 4951, 'trailing_stop': 0.0030186021628891783, 'max_trades_per_day': 4}",0.00010099192610010506,0.0,16,-0.00010099702612808178,-0.0
12,"{'vwap_dev_threshold': 0.0036538580285963226, 'stop_loss': 0.006024939871901974, 'take_profit': 0.018658453814353788, 'max_hold_minutes': 47, 'min_volume': 4260, 'trailing_stop': 0.004728726817548836, 'max_trades_per_day': 4}",0.00011315014300009352,0.125,16,-0.00011315654496041939,-2.828593532029393e-05
13,"{'vwap_dev_threshold': 0.0027683676698530097, 'stop_loss': 0.010866581316814498, 'take_profit': 0.017557593013449845, 'max_hold_minutes': 16, 'min_volume': 3416, 'trailing_stop': 0.0039048800204580653, 'max_trades_per_day': 4}",0.00012247425096007644,0.058823529411764705,17,-0.00012248175154362437,-1.4407853021511504e-05
14,"{'vwap_dev_threshold': 0.0036470545863061033, 'stop_loss': 0.010278631841920674, 'take_profit': 0.019017272979113067, 'max_hold_minutes': 51, 'min_volume': 4270, 'trailing_stop': 0.005778407637980393, 'max_trades_per_day': 3}",4.3879193870088783e-05,0.25,12,-7.923964374625636e-06,-3.961808338728311e-06
15,"{'vwap_dev_threshold': 0.0031546894984483425, 'stop_loss': 0.007350778707446472, 'take_profit': 0.029656906722925737, 'max_hold_minutes': 32, 'min_volume': 2866, 'trailing_stop': 0.005733531032488558, 'max_trades_per_day': 4}",0.0001196630020000157,0.1875,16,-0.00011192799570444537,-4.196797577417682e-05
16,"{'vwap_dev_threshold': 0.004120172423381943, 'stop_loss': 0.010625217848457644, 'take_profit': 0.03957280098669294, 'max_hold_minutes': 43, 'min_volume': 686, 'trailing_stop': 0.003979614236488488, 'max_trades_per_day': 3}",3.262542690994451e-05,0.25,12,3.8195017156553435e-06,1.9096885513906433e-06
17,"{'vwap_dev_threshold': 0.004294787791267714, 'stop_loss': 0.010924136148813208, 'take_profit': 0.03933426546734218, 'max_hold_minutes': 35, 'min_volume': 715, 'trailing_stop': 0.004165303919971663, 'max_trades_per_day': 3}",2.9140414077812988e-05,0.4166666666666667,12,1.560235032283183e-05,1.3001579719902364e-05
18,"{'vwap_dev_threshold': 0.004338417757231838, 'stop_loss': 0.015845739678177134, 'take_profit': 0.0392729606456426, 'max_hold_minutes': 33, 'min_volume': 663, 'trailing_stop': 0.005660769430888249, 'max_trades_per_day': 3}",3.3234267989901125e-05,0.4166666666666667,12,1.3290367742804612e-05,1.107493837263447e-05
19,"{'vwap_dev_threshold': 0.00430140229446297, 'stop_loss': 0.016675007217208798, 'take_profit': 0.038009626730890186, 'max_hold_minutes': 34, 'min_volume': 662, 'trailing_stop': 0.005638017225337576, 'max_trades_per_day': 3}",3.3234267989901125e-05,0.4166666666666667,12,1.3290367742804612e-05,1.107493837263447e-05
20,"{'vwap_dev_threshold': 0.004576023373468204, 'stop_loss': 0.015100545720739315, 'take_profit': 0.034394795677906695, 'max_hold_minutes': 25, 'min_volume': 984, 'trailing_stop': 0.006353563349691716, 'max_trades_per_day': 3}",3.8040524935609766e-05,0.5,12,5.6899558921177505e-06,5.689739443208754e-06
21,"{'vwap_dev_threshold': 0.004099950182096197, 'stop_loss': 0.017123294625036273, 'take_profit': 0.038368441407394746, 'max_hold_minutes': 32, 'min_volume': 546, 'trailing_stop': 0.005439414982151902, 'max_trades_per_day': 3}",4.073538390992326e-05,0.3333333333333333,12,2.113913805896573e-06,1.4092184632040915e-06
22,"{'vwap_dev_threshold': 0.004529098073061251, 'stop_loss': 0.01783613164067491, 'take_profit': 0.03649370204701386, 'max_hold_minutes': 35, 'min_volume': 885, 'trailing_stop': 0.005128142202448581, 'max_trades_per_day': 3}",3.3234267989901125e-05,0.4166666666666667,12,1.5349234170020036e-05,1.2790603374548492e-05
23,"{'vwap_dev_threshold': 0.004617769808142356, 'stop_loss': 0.018595297007997346, 'take_profit': 0.035270051969834314, 'max_hold_minutes': 36, 'min_volume': 920, 'trailing_stop': 0.00507636888486392, 'max_trades_per_day': 3}",3.3234267989901125e-05,0.3333333333333333,12,1.1752882904690995e-05,7.834994870820591e-06
24,"{'vwap_dev_threshold': 0.003965340038757128, 'stop_loss': 0.01754390221908281, 'take_profit': 0.03328927906455789, 'max_hold_minutes': 28, 'min_volume': 1616, 'trailing_stop': 0.006450555151771651, 'max_trades_per_day': 3}",4.1085063879872905e-05,0.3333333333333333,12,-1.1131575915578001e-05,-7.42074571604695e-06
25,"{'vwap_dev_threshold': 0.004568777734365083, 'stop_loss': 0.015201341455403791, 'take_profit': 0.039200272281307486, 'max_hold_minutes': 20, 'min_volume': 984, 'trailing_stop': 0.004454245106216677, 'max_trades_per_day': 4}",0.0001004891379699984,0.25,16,-9.423642409229157e-05,-4.711347717763458e-05
26,"{'vwap_dev_threshold': 0.003875421599910964, 'stop_loss': 0.013157895495438872, 'take_profit': 0.03998861685069512, 'max_hold_minutes': 38, 'min_volume': 2330, 'trailing_stop': 0.006834244291573328, 'max_trades_per_day': 3}",4.303621385988663e-05,0.25,12,-1.0196654875631156e-05,-5.098108025105636e-06
27,"{'vwap_dev_threshold': 0.004941720607739958, 'stop_loss': 0.014100502583694611, 'take_profit': 0.03658046279316637, 'max_hold_minutes': 28, 'min_volume': 501, 'trailing_stop': 0.00620768676651272, 'max_trades_per_day': 3}",7.48790598497872e-05,0.45454545454545453,11,-4.301683023089102e-05,-3.910328106462328e-05
28,"{'vwap_dev_threshold': 0.0043232646751717755, 'stop_loss': 0.011685078431668437, 'take_profit': 0.029506846042018413, 'max_hold_minutes': 35, 'min_volume': 1084, 'trailing_stop': 0.004216503803107183, 'max_trades_per_day': 4}",9.388080490985886e-05,0.25,16,-8.72738131684819e-05,-4.363280991632704e-05
29,"{'vwap_dev_threshold': 0.004361289338544995, 'stop_loss': 0.017968918256757872, 'take_profit': 0.032822215590677606, 'max_hold_minutes': 32, 'min_volume': 1796, 'trailing_stop': 0.005350167316361452, 'max_trades_per_day': 2}",6.540557484986494e-05,0.125,8,-5.9195836848789285e-05,-1.4797991277762868e-05
30,"{'vwap_dev_threshold': 0.0023787777157719785, 'stop_loss': 0.016000834193512437, 'take_profit': 0.03669778370233227, 'max_hold_minutes': 30, 'min_volume': 2517, 'trailing_stop': 0.007175864744627497, 'max_trades_per_day': 2}",8.255052690990851e-05,0.1111111111111111,9,-8.255393439213778e-05,-1.8343804338078937e-05
31,"{'vwap_dev_threshold': 0.00431403595047913, 'stop_loss': 0.016585494680630874, 'take_profit': 0.03760186107532393, 'max_hold_minutes': 35, 'min_volume': 683, 'trailing_stop': 0.006019608552074654, 'max_trades_per_day': 3}",3.3234267989901125e-05,0.4166666666666667,12,1.324034843638922e-05,1.1033257002584171e-05
32,"{'vwap_dev_threshold': 0.004663035015545706, 'stop_loss': 0.016056600523198624, 'take_profit': 0.038034665724337814, 'max_hold_minutes': 34, 'min_volume': 1289, 'trailing_stop': 0.005160649560783246, 'max_trades_per_day': 3}",3.3234267989901125e-05,0.4166666666666667,12,1.5349234170020036e-05,1.2790603374548492e-05
33,"{'vwap_dev_threshold': 0.00471876280640335, 'stop_loss': 0.01995002587217946, 'take_profit': 0.03511282371350582, 'max_hold_minutes': 40, 'min_volume': 1406, 'trailing_stop': 0.0051944388953508985, 'max_trades_per_day': 3}",3.3234267989901125e-05,0.3333333333333333,12,1.1752882904690995e-05,7.834994870820591e-06
34,"{'vwap_dev_threshold': 0.004643850718142521, 'stop_loss': 0.01591601523976441, 'take_profit': 0.029826085032097244, 'max_hold_minutes': 25, 'min_volume': 1199, 'trailing_stop': 0.004910993478448462, 'max_trades_per_day': 3}",3.3234267989901125e-05,0.5,12,1.9694708128062496e-05,1.9694053588854587e-05
35,"{'vwap_dev_threshold': 0.00499255798218075, 'stop_loss': 0.009430698303805767, 'take_profit': 0.029758215401330307, 'max_hold_minutes': 23, 'min_volume': 1247, 'trailing_stop': 0.0049963436558740975, 'max_trades_per_day': 2}",5.7313787080056504e-05,0.25,8,-5.238839327796539e-05,-2.6192695350373793e-05
36,"{'vwap_dev_threshold': 0.004707118550720682, 'stop_loss': 0.011868767109925071, 'take_profit': 0.021596963743034332, 'max_hold_minutes': 26, 'min_volume': 1553, 'trailing_stop': 0.003573503056806813, 'max_trades_per_day': 3}",2.914056220910404e-05,0.4166666666666667,12,2.0613666456968233e-05,1.7177554802615404e-05
37,"{'vwap_dev_threshold': 0.001050303611119607, 'stop_loss': 0.012487276156862622, 'take_profit': 0.02200423314235846, 'max_hold_minutes': 18, 'min_volume': 1686, 'trailing_stop': 0.0036953743520908764, 'max_trades_per_day': 2}",4.700644791175354e-05,0.2222222222222222,9,-3.1989125616758445e-05,-1.421672085404062e-05
38,"{'vwap_dev_threshold': 0.004731748186660224, 'stop_loss': 0.011854082858908377, 'take_profit': 0.021575335022737535, 'max_hold_minutes': 26, 'min_volume': 1944, 'trailing_stop': 0.004282478955138065, 'max_trades_per_day': 5}",0.00013246692703003645,0.35,20,-0.00011007982969206798,-7.704567342871048e-05
39,"{'vwap_dev_threshold': 0.003914838848179799, 'stop_loss': 0.009727933990919969, 'take_profit': 0.028446694189361445, 'max_hold_minutes': 21, 'min_volume': 1519, 'trailing_stop': 0.003559102276886893, 'max_trades_per_day': 2}",5.704076190013439e-05,0.125,8,-5.704238878628753e-05,-1.4259783761242639e-05
40,"{'vwap_dev_threshold': 0.004494510427209628, 'stop_loss': 0.014080895897185303, 'take_profit': 0.02401328497689064, 'max_hold_minutes': 29, 'min_volume': 863, 'trailing_stop': 0.004596036342181532, 'max_trades_per_day': 3}",2.9140414077812988e-05,0.4166666666666667,12,1.560235032283183e-05,1.3001579719902364e-05
41,"{'vwap_dev_threshold': 0.0045114940889986925, 'stop_loss': 0.014155824865595678, 'take_profit': 0.024006440017618508, 'max_hold_minutes': 29, 'min_volume': 827, 'trailing_stop': 0.0046350194379741645, 'max_trades_per_day': 3}",2.9140414077812988e-05,0.4166666666666667,12,1.560235032283183e-05,1.3001579719902364e-05
42,"{'vwap_dev_threshold': 0.004124100014657658, 'stop_loss': 0.013904511583010107, 'take_profit': 0.024469051900183458, 'max_hold_minutes': 26, 'min_volume': 1172, 'trailing_stop': 0.008561118308291014, 'max_trades_per_day': 3}",4.679319394999766e-05,0.3333333333333333,12,-1.683978581838403e-05,-1.1225998554013436e-05
43,"{'vwap_dev_threshold': 0.004803485496144152, 'stop_loss': 0.01309380783266446, 'take_profit': 0.021657753907945262, 'max_hold_minutes': 30, 'min_volume': 843, 'trailing_stop': 0.004610617862611138, 'max_trades_per_day': 3}",2.8732267989980757e-05,0.5,12,3.05940950959614e-05,3.059321605822219e-05
44,"{'vwap_dev_threshold': 0.004870047184669252, 'stop_loss': 0.012932374068529089, 'take_profit': 0.022305614992825618, 'max_hold_minutes': 23, 'min_volume': 1409, 'trailing_stop': 0.004068407464833218, 'max_trades_per_day': 3}",8.554113499104617e-05,0.3333333333333333,12,-5.7092216759554216e-05,-3.805822201768896e-05
45,"{'vwap_dev_threshold': 0.0047953645430662654, 'stop_loss': 0.011700587899531243, 'take_profit': 0.025875565887093336, 'max_hold_minutes': 31, 'min_volume': 1130, 'trailing_stop': 0.003563466117503737, 'max_trades_per_day': 3}",2.8732267989980757e-05,0.4166666666666667,12,2.262475304842934e-05,1.8853419156634624e-05
46,"{'vwap_dev_threshold': 0.004806315360525629, 'stop_loss': 0.011576999932576854, 'take_profit': 0.026410486738465112, 'max_hold_minutes': 25, 'min_volume': 2014, 'trailing_stop': 0.003449179213621394, 'max_trades_per_day': 4}",9.052516686002491e-05,0.25,16,-8.381802945304696e-05,-4.190522090597242e-05
47,"{'vwap_dev_threshold': 0.004978687934768629, 'stop_loss': 0.008278094897600318, 'take_profit': 0.019865464786763806, 'max_hold_minutes': 31, 'min_volume': 1182, 'trailing_stop': 0.0030142283404467106, 'max_trades_per_day': 3}",7.022609070256734e-05,0.3333333333333333,12,-3.264639409771484e-05,-2.1762734312721214e-05
48,"{'vwap_dev_threshold': 0.0034156721104362958, 'stop_loss': 0.012467211520538875, 'take_profit': 0.016046487338909995, 'max_hold_minutes': 37, 'min_volume': 3152, 'trailing_stop': 0.0037357187338179242, 'max_trades_per_day': 4}",0.00010082233793989871,0.0625,16,-0.0001008274208535184,-1.2602156899652437e-05
49,"{'vwap_dev_threshold': 0.001600501283414698, 'stop_loss': 0.011331266016793465, 'take_profit': 0.026100390782639822, 'max_hold_minutes': 27, 'min_volume': 1488, 'trailing_stop': 0.00329299172798576, 'max_trades_per_day': 2}",4.841381492399282e-05,0.2222222222222222,9,-3.790139211857196e-05,-1.684424763003936e-05
50,"{'vwap_dev_threshold': 0.004813024715112268, 'stop_loss': 0.009786177164249036, 'take_profit': 0.020050633815490018, 'max_hold_minutes': 15, 'min_volume': 1800, 'trailing_stop': 0.004386519200395762, 'max_trades_per_day': 3}",2.8732267989980757e-05,0.4166666666666667,12,3.2153875128666116e-05,2.6794126062424173e-05
51,"{'vwap_dev_threshold': 0.004775014287634833, 'stop_loss': 0.009807646909833614, 'take_profit': 0.02061763805671457, 'max_hold_minutes': 16, 'min_volume': 1879, 'trailing_stop': 0.004135868970154971, 'max_trades_per_day': 3}",2.8732267989980757e-05,0.4166666666666667,12,2.5902953585751588e-05,2.1585174445956196e-05
52,"{'vwap_dev_threshold': 0.004795898446788429, 'stop_loss': 0.00954775675221803, 'take_profit': 0.02062112981921156, 'max_hold_minutes': 15, 'min_volume': 2142, 'trailing_stop': 0.004797563785337369, 'max_trades_per_day': 3}",3.3234267989901125e-05,0.4166666666666667,12,2.3848337726386414e-05,1.9872954286949418e-05
53,"{'vwap_dev_threshold': 0.00479543330749497, 'stop_loss': 0.007489080529729511, 'take_profit': 0.020029129922496544, 'max_hold_minutes': 15, 'min_volume': 2322, 'trailing_stop': 0.004384610891997686, 'max_trades_per_day': 3}",2.8732267989980757e-05,0.4166666666666667,12,2.8350220228868268e-05,2.3624504718952568e-05
54,"{'vwap_dev_threshold': 0.004873216061754554, 'stop_loss': 0.007408384961491366, 'take_profit': 0.019650073565424968, 'max_hold_minutes': 15, 'min_volume': 2499, 'trailing_stop': 0.009935397507377134, 'max_trades_per_day': 3}",0.00011199793208012125,0.25,12,-8.391458681053682e-05,-4.195259427517134e-05
55,"{'vwap_dev_threshold': 0.00416692668791302, 'stop_loss': 0.009126163014668206, 'take_profit': 0.01775854083779708, 'max_hold_minutes': 17, 'min_volume': 2185, 'trailing_stop': 0.004838215512992051, 'max_trades_per_day': 3}",3.927717688988195e-05,0.3333333333333333,12,6.554391500071135e-06,4.369422708051188e-06
56,"{'vwap_dev_threshold': 0.004448895101575075, 'stop_loss': 0.006742821614046799, 'take_profit': 0.016078766631269007, 'max_hold_minutes': 19, 'min_volume': 1836, 'trailing_stop': 0.004416082210528078, 'max_trades_per_day': 4}",0.00011058403791001182,0.1875,16,-0.00010433232634792141,-3.9120295821746e-05
57,"{'vwap_dev_threshold': 0.0049856646405892786, 'stop_loss': 0.010027704122060447, 'take_profit': 0.02045258940226934, 'max_hold_minutes': 15, 'min_volume': 2789, 'trailing_stop': 0.0049442155354459975, 'max_trades_per_day': 3}",7.067155440512396e-05,0.4166666666666667,12,-3.1922327602164136e-05,-2.6600059668043553e-05
58,"{'vwap_dev_threshold': 0.002812997813713587, 'stop_loss': 0.008742642499330933, 'take_profit': 0.02328777268992267, 'max_hold_minutes': 21, 'min_volume': 2141, 'trailing_stop': 0.003934455402364115, 'max_trades_per_day': 3}",4.069016798981465e-05,0.3076923076923077,13,-1.4401345718893817e-05,-8.862005985056762e-06
59,"{'vwap_dev_threshold': 0.004646262310725998, 'stop_loss': 0.007994084218343371, 'take_profit': 0.017871654050533613, 'max_hold_minutes': 17, 'min_volume': 2379, 'trailing_stop': 0.004461070628510936, 'max_trades_per_day': 3}",2.9140466680944254e-05,0.4166666666666667,12,2.3891873587031448e-05,1.99093144722377e-05
60,"{'vwap_dev_threshold': 0.0037816897161548364, 'stop_loss': 0.007934063366614208, 'take_profit': 0.014154500054362383, 'max_hold_minutes': 17, 'min_volume': 3012, 'trailing_stop': 0.004419363493766428, 'max_trades_per_day': 3}",3.5124856859911236e-05,0.25,12,1.3200781887595551e-06,6.600159106010655e-07
61,"{'vwap_dev_threshold': 0.004621491293010069, 'stop_loss': 0.005004088756383196, 'take_profit': 0.01768432225126454, 'max_hold_minutes': 17, 'min_volume': 2354, 'trailing_stop': 0.004724956805027782, 'max_trades_per_day': 3}",2.9140466680944254e-05,0.4166666666666667,12,2.3891873587031448e-05,1.99093144722377e-05
62,"{'vwap_dev_threshold': 0.004431154065149206, 'stop_loss': 0.005330756305800837, 'take_profit': 0.017977369877893355, 'max_hold_minutes': 17, 'min_volume': 2601, 'trailing_stop': 0.004714146320070144, 'max_trades_per_day': 3}",2.9140466680944254e-05,0.3333333333333333,12,1.379716387884099e-05,9.197841215364458e-06
63,"{'vwap_dev_threshold': 0.004804466706913748, 'stop_loss': 0.0059547955324074624, 'take_profit': 0.016446249320244858, 'max_hold_minutes': 15, 'min_volume': 2340, 'trailing_stop': 0.004180283106946401, 'max_trades_per_day': 3}",2.8732267989980757e-05,0.4166666666666667,12,2.8350220228868268e-05,2.3624504718952568e-05
64,"{'vwap_dev_threshold': 0.004238756858432584, 'stop_loss': 0.005898218370430655, 'take_profit': 0.015527476198806612, 'max_hold_minutes': 19, 'min_volume': 2441, 'trailing_stop': 0.0041359367554160715, 'max_trades_per_day': 3}",3.0834239889954916e-05,0.25,12,5.610680290104543e-06,2.8052536445212662e-06
65,"{'vwap_dev_threshold': 0.004642035633301844, 'stop_loss': 0.006645020601127521, 'take_profit': 0.012884840471584337, 'max_hold_minutes': 22, 'min_volume': 2328, 'trailing_stop': 0.003901123429940912, 'max_trades_per_day': 3}",2.9140444644615878e-05,0.5,12,2.4648088243262227e-05,2.464736998701118e-05
66,"{'vwap_dev_threshold': 0.004836783897169183, 'stop_loss': 0.00677448772751483, 'take_profit': 0.01216536182827836, 'max_hold_minutes': 21, 'min_volume': 2736, 'trailing_stop': 0.0038397950454034553, 'max_trades_per_day': 3}",2.8732267989980757e-05,0.5,12,3.0462828053373354e-05,3.0461952787233993e-05
67,"{'vwap_dev_threshold': 0.004841806281781381, 'stop_loss': 0.007074391915618574, 'take_profit': 0.011230072729997875, 'max_hold_minutes': 21, 'min_volume': 2651, 'trailing_stop': 0.0038268242351583294, 'max_trades_per_day': 3}",2.8732267989980757e-05,0.5,12,3.646861705172082e-05,3.646756922564247e-05
68,"{'vwap_dev_threshold': 0.0024374802226356635, 'stop_loss': 0.006830250374890162, 'take_profit': 0.011316854975706033, 'max_hold_minutes': 22, 'min_volume': 3370, 'trailing_stop': 0.003786228358387269, 'max_trades_per_day': 4}",0.00011348067704006098,0.11764705882352941,17,-0.00011348711645929157,-2.6699820673995398e-05
69,"{'vwap_dev_threshold': 0.0048716396452183775, 'stop_loss': 0.006428300600935902, 'take_profit': 0.012589993651215634, 'max_hold_minutes': 19, 'min_volume': 3619, 'trailing_stop': 0.0032103666886078444, 'max_trades_per_day': 3}",8.520573509127224e-05,0.25,12,-5.983911029368516e-05,-2.991700582915269e-05
70,"{'vwap_dev_threshold': 0.004417386016679827, 'stop_loss': 0.0056966676090043035, 'take_profit': 0.010478839932060105, 'max_hold_minutes': 21, 'min_volume': 2664, 'trailing_stop': 0.003999606416550764, 'max_trades_per_day': 2}",5.704076190013439e-05,0.125,8,-5.704238878628753e-05,-1.4259783761242639e-05
71,"{'vwap_dev_threshold': 0.0047732308129952526, 'stop_loss': 0.007280283179884094, 'take_profit': 0.013101601257754484, 'max_hold_minutes': 20, 'min_volume': 2974, 'trailing_stop': 0.00423536080674257, 'max_trades_per_day': 3}",2.8732267989980757e-05,0.4166666666666667,12,2.5902953585751588e-05,2.1585174445956196e-05
72,"{'vwap_dev_threshold': 0.00454034397081258, 'stop_loss': 0.007192307567673454, 'take_profit': 0.010053713377292814, 'max_hold_minutes': 16, 'min_volume': 2704, 'trailing_stop': 0.0038859771096730836, 'max_trades_per_day': 3}",2.914029166970945e-05,0.4166666666666667,12,2.9897702049378144e-05,2.4914025684683478e-05
73,"{'vwap_dev_threshold': 0.004523316386254529, 'stop_loss': 0.007400716309092795, 'take_profit': 0.010757092138722982, 'max_hold_minutes': 23, 'min_volume': 2673, 'trailing_stop': 0.00384195208507567, 'max_trades_per_day': 3}",2.9140269633645766e-05,0.5,12,3.0653912163928774e-05,3.065301890066299e-05
74,"{'vwap_dev_threshold': 0.004554370967544919, 'stop_loss': 0.007549733723828689, 'take_profit': 0.010071714299363021, 'max_hold_minutes': 23, 'min_volume': 2870, 'trailing_stop': 0.003846453184031933, 'max_trades_per_day': 3}",2.9140269633645766e-05,0.5,12,3.0653912163928774e-05,3.065301890066299e-05
75,"{'vwap_dev_threshold': 0.004049805628453296, 'stop_loss': 0.006855576878669993, 'take_profit': 0.010836062106990965, 'max_hold_minutes': 23, 'min_volume': 2875, 'trailing_stop': 0.0038840211287097864, 'max_trades_per_day': 3}",3.042768685001647e-05,0.3333333333333333,12,6.017230966330081e-06,4.011365250607022e-06
76,"{'vwap_dev_threshold': 0.004215051275097225, 'stop_loss': 0.008498026929570118, 'take_profit': 0.012713266095008393, 'max_hold_minutes': 24, 'min_volume': 3151, 'trailing_stop': 0.003189111293260399, 'max_trades_per_day': 3}",2.914044575521416e-05,0.25,12,1.4515273672991203e-05,7.257425345723057e-06
77,"{'vwap_dev_threshold': 0.004534464653151679, 'stop_loss': 0.006407819872917188, 'take_profit': 0.011762369240641715, 'max_hold_minutes': 22, 'min_volume': 2678, 'trailing_stop': 0.0033946824061263964, 'max_trades_per_day': 3}",2.914061459733752e-05,0.3333333333333333,12,1.8815881960202914e-05,1.25435557692256e-05
78,"{'vwap_dev_threshold': 0.004574423755572818, 'stop_loss': 0.008957204025459266, 'take_profit': 0.01028665887213842, 'max_hold_minutes': 20, 'min_volume': 2772, 'trailing_stop': 0.0036876277331010492, 'max_trades_per_day': 3}",2.9140614812770107e-05,0.3333333333333333,12,1.880848905932284e-05,1.2538627312258636e-05
79,"{'vwap_dev_threshold': 0.004384164173506457, 'stop_loss': 0.007685453272943485, 'take_profit': 0.014911451772610291, 'max_hold_minutes': 24, 'min_volume': 2961, 'trailing_stop': 0.003955735303140481, 'max_trades_per_day': 3}",2.9140444644615878e-05,0.4166666666666667,12,1.4553386168874848e-05,1.2127468397275669e-05
80,"{'vwap_dev_threshold': 0.004673282433347421, 'stop_loss': 0.00698802006784097, 'take_profit': 0.013240436706567237, 'max_hold_minutes': 18, 'min_volume': 2551, 'trailing_stop': 0.008175624368419234, 'max_trades_per_day': 3}",3.804038452325355e-05,0.4166666666666667,12,5.38521450976387e-06,4.487508045110982e-06
81,"{'vwap_dev_threshold': 0.004511823841040151, 'stop_loss': 0.007649764285073904, 'take_profit': 0.012386709242121515, 'max_hold_minutes': 22, 'min_volume': 3105, 'trailing_stop': 0.0043762475095571315, 'max_trades_per_day': 3}",2.9140444644615878e-05,0.4166666666666667,12,1.4553386168874848e-05,1.2127468397275669e-05
82,"{'vwap_dev_threshold': 0.004896864101816677, 'stop_loss': 0.006296145920340214, 'take_profit': 0.010078196454354137, 'max_hold_minutes': 19, 'min_volume': 2269, 'trailing_stop': 0.003797142454828581, 'max_trades_per_day': 3}",8.582866598997497e-05,0.25,12,-6.173964590263205e-05,-3.0867173435592766e-05
83,"{'vwap_dev_threshold': 0.004998150724736417, 'stop_loss': 0.007218980949295009, 'take_profit': 0.01177204147935707, 'max_hold_minutes': 18, 'min_volume': 2048, 'trailing_stop': 0.003500002703957261, 'max_trades_per_day': 3}",8.17809039801068e-05,0.25,12,-5.769164217079563e-05,-2.88434620480734e-05
84,"{'vwap_dev_threshold': 0.004674957461097321, 'stop_loss': 0.005488280964711954, 'take_profit': 0.01381431730068357, 'max_hold_minutes': 57, 'min_volume': 2834, 'trailing_stop': 0.004580435391381336, 'max_trades_per_day': 3}",2.9140518875552776e-05,0.3333333333333333,12,2.0702167678698193e-05,1.3801042937860123e-05
85,"{'vwap_dev_threshold': 0.004879508641683845, 'stop_loss': 0.008337462359910267, 'take_profit': 0.0111096941558919, 'max_hold_minutes': 24, 'min_volume': 2676, 'trailing_stop': 0.005470235073549341, 'max_trades_per_day': 3}",7.866227716926736e-05,0.3333333333333333,12,-4.815106718402742e-05,-3.2098186340956395e-05
86,"{'vwap_dev_threshold': 0.004041204395041383, 'stop_loss': 0.007752547034538907, 'take_profit': 0.010008622416552431, 'max_hold_minutes': 21, 'min_volume': 3307, 'trailing_stop': 0.003129640400445123, 'max_trades_per_day': 3}",2.914044575521416e-05,0.25,12,1.4515273672991203e-05,7.257425345723057e-06
87,"{'vwap_dev_threshold': 0.004276161710444859, 'stop_loss': 0.006551701192958599, 'take_profit': 0.012055184606379925, 'max_hold_minutes': 16, 'min_volume': 3494, 'trailing_stop': 0.0036632659069005583, 'max_trades_per_day': 3}",2.9140614812770107e-05,0.25,12,8.713728035451808e-06,4.356737056029771e-06
88,"{'vwap_dev_threshold': 0.004592942534880678, 'stop_loss': 0.010369343111129567, 'take_profit': 0.013329258352799906, 'max_hold_minutes': 27, 'min_volume': 2448, 'trailing_stop': 0.004051179732809334, 'max_trades_per_day': 3}",2.9140414077812988e-05,0.5,12,2.569704180829759e-05,2.5696292985858718e-05
89,"{'vwap_dev_threshold': 0.004595511408807856, 'stop_loss': 0.0105003449074163, 'take_profit': 0.014785693224226931, 'max_hold_minutes': 27, 'min_volume': 2717, 'trailing_stop': 0.004061628387505808, 'max_trades_per_day': 5}",0.00013293031611014158,0.35,20,-0.00011054326989216264,-7.737000273824642e-05
90,"{'vwap_dev_threshold': 0.0034820421107418396, 'stop_loss': 0.009242669817496134, 'take_profit': 0.011207703873812466, 'max_hold_minutes': 27, 'min_volume': 2538, 'trailing_stop': 0.003859256031138462, 'max_trades_per_day': 2}",5.599178193006082e-05,0.125,8,-5.599334952839093e-05,-1.399755359024365e-05
91,"{'vwap_dev_threshold': 0.00470456504798691, 'stop_loss': 0.01347573430240152, 'take_profit': 0.013859976188809102, 'max_hold_minutes': 24, 'min_volume': 2436, 'trailing_stop': 0.004514971612526018, 'max_trades_per_day': 3}",2.9140444644615878e-05,0.5,12,2.8643921829014394e-05,2.864308713239593e-05
92,"{'vwap_dev_threshold': 0.004382862518289753, 'stop_loss': 0.01345895709458986, 'take_profit': 0.013362884980840267, 'max_hold_minutes': 25, 'min_volume': 2908, 'trailing_stop': 0.003394426136587518, 'max_trades_per_day': 3}",2.914061459733752e-05,0.25,12,8.721121010961825e-06,4.360433436067794e-06
93,"{'vwap_dev_threshold': 0.00469646760218204, 'stop_loss': 0.013084630330254594, 'take_profit': 0.013911775044587153, 'max_hold_minutes': 23, 'min_volume': 2608, 'trailing_stop': 0.0043124442015656, 'max_trades_per_day': 3}",2.9140444644615878e-05,0.5,12,2.4648088243262227e-05,2.464736998701118e-05
94,"{'vwap_dev_threshold': 0.004465083151230976, 'stop_loss': 0.012166586042160456, 'take_profit': 0.01685810026973678, 'max_hold_minutes': 29, 'min_volume': 4577, 'trailing_stop': 0.004556148427736627, 'max_trades_per_day': 3}",2.9140414077812988e-05,0.4166666666666667,12,1.560235032283183e-05,1.3001579719902364e-05
95,"{'vwap_dev_threshold': 0.004906301083018846, 'stop_loss': 0.01479100193714282, 'take_profit': 0.011798179585187633, 'max_hold_minutes': 26, 'min_volume': 2420, 'trailing_stop': 0.004007107595648245, 'max_trades_per_day': 3}",8.342277477212665e-05,0.3333333333333333,12,-4.886725496483449e-05,-3.257545221521988e-05
96,"{'vwap_dev_threshold': 0.004552341415445371, 'stop_loss': 0.011174575880692731, 'take_profit': 0.015314345017401677, 'max_hold_minutes': 24, 'min_volume': 2064, 'trailing_stop': 0.0035762648480346685, 'max_trades_per_day': 3}",2.9140592776217694e-05,0.4166666666666667,12,1.9564707559691824e-05,1.6303447860430036e-05
97,"{'vwap_dev_threshold': 0.004329648019357879, 'stop_loss': 0.00810723082622446, 'take_profit': 0.010778140811579818, 'max_hold_minutes': 28, 'min_volume': 3034, 'trailing_stop': 0.0038214802659244595, 'max_trades_per_day': 3}",2.914023906721003e-05,0.4166666666666667,12,2.1608228570468095e-05,1.800633241793478e-05
98,"{'vwap_dev_threshold': 0.004754693998849322, 'stop_loss': 0.0071537334251105845, 'take_profit': 0.012704430121942466, 'max_hold_minutes': 51, 'min_volume': 2246, 'trailing_stop': 0.006876664803260176, 'max_trades_per_day': 3}",3.860307485010708e-05,0.3333333333333333,12,-3.667832696656249e-06,-2.4451274046907477e-06
99,"{'vwap_dev_threshold': 0.004611148244361081, 'stop_loss': 0.013613174634711329, 'take_profit': 0.024969922998182334, 'max_hold_minutes': 20, 'min_volume': 1731, 'trailing_stop': 0.004291031900937278, 'max_trades_per_day': 3}",2.9140466680944254e-05,0.4166666666666667,12,2.3891873587031448e-05,1.99093144722377e-05
